participant,list,unit,rep_of_unit,object,pair,trial,name,trial_type,expt,phase,condition,gonogo,cue,answer,name_dur_max,trial_start,trial_end,exitflag,response,rt,pas,jitter,max_alpha,rep,eyes_1,eyes_2,version,seed,rt_robo
29,1,2,14,117,135,1,plane,2,practice,name,CFS,go,present,NA,30,2690131.82381958,2690137.52736588,Return,plane,5.60083297640085,,7,1,1,0,0,68255c2,1622283041,0.2
29,1,2,14,117,135,1,plane,2,practice,noise,CFS,go,present,\ENTER,4,2690217.53754084,2690221.55004937,OK,NO RESPONSE,NaN,,7,1,1,0,0,68255c2,1622283041,0.2
29,1,2,14,117,135,1,plane,2,practice,noise,CFS,go,present,\ENTER,4,2690230.59573056,2690234.94843944,Return,Return,4.21587056061253,,7,1,2,0,0,68255c2,1622283041,0.2
29,1,2,14,117,135,1,plane,2,practice,study,CFS,go,present,j,NaN,2689886.57014452,2689892.25369649,OK,f,5.50758103327826,,10,0.6,1,0,0,68255c2,1622283041,0.2
29,1,2,14,117,135,1,plane,2,practice,study,CFS,go,present,j,NaN,2690025.54725457,2690026.00751417,CAUGHT,f,0.355355773121119,,10,0.6,2,0,0,68255c2,1622283041,0.2
29,1,2,14,34,4,2,chess board,12,practice,name,Not Studied,go,present,NA,30,2690137.65747362,2690141.93015024,Return,floor,4.16702541150153,,7,1,1,0,0,68255c2,1622283041,0.2
29,1,2,14,34,4,2,chess board,12,practice,noise,Not Studied,go,present,\ENTER,4,2690237.25990125,2690241.27240737,OK,NO RESPONSE,NaN,,11,1,1,0,0,68255c2,1622283041,0.2
29,1,2,14,34,4,2,chess board,12,practice,noise,Not Studied,go,present,\ENTER,4,2690250.49816009,2690255.52135219,Return,Return,4.87239758996293,,11,1,2,0,0,68255c2,1622283041,0.2
29,1,2,14,34,4,2,chess board,12,practice,study,Not Studied,go,present,f,NaN,2689896.01606308,2689904.08109869,OK,f,7.90903273504227,,3,0,1,0,0,68255c2,1622283041,0.2
29,1,2,14,34,4,2,chess board,12,practice,study,Not Studied,go,present,f,NaN,2690028.61918707,2690029.26957907,OK,j,0.507276167627424,,3,0,2,0,0,68255c2,1622283041,0.2
29,1,2,14,14,139,3,binoculars,13,practice,name,Not Studied,go,present,NA,30,2690142.06023262,2690150.34547874,Return,NO RESPONSE,8.17184258438647,,7,1,1,0,0,68255c2,1622283041,0.2
29,1,2,14,14,139,3,binoculars,13,practice,noise,Not Studied,go,present,\ENTER,4,2690258.05291042,2690262.02539528,OK,NO RESPONSE,NaN,,6,1,1,0,0,68255c2,1622283041,0.2
29,1,2,14,14,139,3,binoculars,13,practice,noise,Not Studied,go,present,\ENTER,4,2690264.20682663,2690266.65831909,Return,Return,2.29110677866265,,6,1,2,0,0,68255c2,1622283041,0.2
29,1,2,14,14,139,3,binoculars,13,practice,study,Not Studied,go,present,f,NaN,2689906.78284387,2689914.55767522,OK,f,7.66970898024738,,7,0,1,0,0,68255c2,1622283041,0.2
29,1,2,14,14,139,3,binoculars,13,practice,study,Not Studied,go,present,f,NaN,2690031.44094383,2690031.90122003,OK,f,0.333409700542688,,7,0,2,0,0,68255c2,1622283041,0.2
29,1,2,14,201,203,4,bellow,5,practice,name,CFS,nogo,present,NA,30,2690150.47554392,2690156.06904655,Return,bird,5.48426125571132,,8,1,1,0,0,68255c2,1622283041,0.2
29,1,2,14,201,203,4,bellow,5,practice,noise,CFS,nogo,present,z,4,2690268.96975918,2690272.97227567,OK,NO RESPONSE,NaN,,6,0,1,0,0,68255c2,1622283041,0.2
29,1,2,14,201,203,4,bellow,5,practice,noise,CFS,nogo,present,z,4,2690276.8546982,2690286.25059351,OK,NO RESPONSE,NaN,,6,0,2,0,0,68255c2,1622283041,0.2
29,1,2,14,201,203,4,bellow,5,practice,study,CFS,nogo,present,j,NaN,2689917.36948371,2689924.38379246,OK,f,6.85053392173722,,3,0.6,1,0,0,68255c2,1622283041,0.2
29,1,2,14,201,203,4,bellow,5,practice,study,CFS,nogo,present,j,NaN,2690036.16390401,2690044.31899712,OK,f,8.017792660743,,3,0.6,2,0,0,68255c2,1622283041,0.2
29,1,2,14,125,111,5,cork screw,6,practice,name,CFS,go,absent,NA,30,2690156.0927213,2690156.09902899,OK,NO RESPONSE,NaN,,3,0,1,0,0,68255c2,1622283041,0.2
29,1,2,14,125,111,5,cork screw,6,practice,noise,CFS,go,absent,\ENTER,4,2690288.483941,2690288.49199065,OK,NO RESPONSE,NaN,,1,1,1,0,0,68255c2,1622283041,0.2
29,1,2,14,125,111,5,cork screw,6,practice,noise,CFS,go,absent,\ENTER,4,2690290.96356468,2690295.41634814,Return,Return,4.33285279339179,,1,1,2,0,0,68255c2,1622283041,0.2
29,1,2,14,125,111,5,cork screw,6,practice,study,CFS,go,absent,j,NaN,2689926.98543891,2689931.62838948,OK,j,4.52219192683697,0,10,0.6,1,0,0,68255c2,1622283041,0.2
29,1,2,14,125,111,5,cork screw,6,practice,study,CFS,go,absent,j,NaN,2690047.08073587,2690054.17518554,OK,j,6.94039159780368,0,10,0.6,2,0,0,68255c2,1622283041,0.2
29,1,2,14,40,88,6,cookie cutter,16,practice,name,Not Studied,go,absent,NA,30,2690156.1229597,2690156.12904524,OK,NO RESPONSE,NaN,,3,0,1,0,0,68255c2,1622283041,0.2
29,1,2,14,40,88,6,cookie cutter,16,practice,noise,Not Studied,go,absent,\ENTER,4,2690297.299397,2690297.3075369,OK,NO RESPONSE,NaN,,2,1,1,0,0,68255c2,1622283041,0.2
29,1,2,14,40,88,6,cookie cutter,16,practice,noise,Not Studied,go,absent,\ENTER,4,2690299.22874674,2690304.0617648,Return,Return,4.72321524797007,,2,1,2,0,0,68255c2,1622283041,0.2
29,1,2,14,40,88,6,cookie cutter,16,practice,study,Not Studied,go,absent,f,NaN,2689941.60460666,2689941.87479486,OK,f,0.150488131679595,,11,0,1,0,0,68255c2,1622283041,0.2
29,1,2,14,40,88,6,cookie cutter,16,practice,study,Not Studied,go,absent,f,NaN,2690059.6286056,2690060.75928413,OK,j,0.984203753992915,,11,0,2,0,0,68255c2,1622283041,0.2
29,1,2,14,187,2,7,jacket,7,practice,name,CFS,go,absent,NA,30,2690156.15274655,2690156.15907779,OK,NO RESPONSE,NaN,,2,0,1,0,0,68255c2,1622283041,0.2
29,1,2,14,187,2,7,jacket,7,practice,noise,CFS,go,absent,\ENTER,4,2690306.31571393,2690306.3231786,OK,NO RESPONSE,NaN,,6,1,1,0,0,68255c2,1622283041,0.2
29,1,2,14,187,2,7,jacket,7,practice,noise,CFS,go,absent,\ENTER,4,2690308.68464406,2690312.08676586,Return,Return,3.22689943853766,,6,1,2,0,0,68255c2,1622283041,0.2
29,1,2,14,187,2,7,jacket,7,practice,study,CFS,go,absent,j,NaN,2689944.79663586,2689952.00115668,OK,j,7.04591150023043,0,8,0.6,1,0,0,68255c2,1622283041,0.2
29,1,2,14,187,2,7,jacket,7,practice,study,CFS,go,absent,j,NaN,2690062.9306344,2690063.20085217,CAUGHT,f,0.129999677184969,,8,0.6,2,0,0,68255c2,1622283041,0.2
29,1,2,14,112,37,8,rake,11,practice,name,Not Studied,go,present,NA,30,2690156.28917617,2690160.07152169,Return,comb,3.62236582068726,,6,1,1,0,0,68255c2,1622283041,0.2
29,1,2,14,112,37,8,rake,11,practice,noise,Not Studied,go,present,\ENTER,4,2690313.69777832,2690317.71029711,OK,NO RESPONSE,NaN,,10,1,1,0,0,68255c2,1622283041,0.2
29,1,2,14,112,37,8,rake,11,practice,noise,Not Studied,go,present,\ENTER,4,2690319.59149263,2690322.99362047,Return,Return,3.29546725749969,,10,1,2,0,0,68255c2,1622283041,0.2
29,1,2,14,112,37,8,rake,11,practice,study,Not Studied,go,present,f,NaN,2689959.01552126,2689961.44704838,OK,j,2.25053826812655,,3,0,1,0,0,68255c2,1622283041,0.2
29,1,2,14,112,37,8,rake,11,practice,study,Not Studied,go,present,f,NaN,2690065.11201172,2690065.29215328,OK,j,0.0685077509842813,,3,0,2,0,0,68255c2,1622283041,0.2
29,1,2,14,122,32,9,lure,10,practice,name,Not Studied,name,present,NA,30,2690160.20166052,2690163.50368781,Return,hook,3.18970799027011,,5,1,1,0,0,68255c2,1622283041,0.2
29,1,2,14,122,32,9,lure,10,practice,name,Not Studied,name,present,NA,30,2690329.82788545,2690332.42954368,Return,NO RESPONSE,2.49056260893121,,5,1,2,0,0,68255c2,1622283041,0.2
29,1,2,14,122,32,9,lure,10,practice,noise,Not Studied,name,present,NA,4,2690324.65464652,2690328.66719611,OK,NO RESPONSE,NaN,,6,1,1,0,0,68255c2,1622283041,0.2
29,1,2,14,122,32,9,lure,10,practice,study,Not Studied,name,present,f,NaN,2689964.35888074,2689966.05992564,OK,j,1.57894878229126,,3,0,1,0,0,68255c2,1622283041,0.2
29,1,2,14,122,32,9,lure,10,practice,study,Not Studied,name,present,f,NaN,2690067.35343844,2690067.53360204,OK,f,0.0749117322266102,,3,0,2,0,0,68255c2,1622283041,0.2
29,1,2,14,20,71,10,briefcase,15,practice,name,Not Studied,go,absent,NA,30,2690163.52901246,2690163.533727,OK,NO RESPONSE,NaN,,4,0,1,0,0,68255c2,1622283041,0.2
29,1,2,14,20,71,10,briefcase,15,practice,noise,Not Studied,go,absent,\ENTER,4,2690333.48353079,2690333.49020915,OK,NO RESPONSE,NaN,,5,1,1,0,0,68255c2,1622283041,0.2
29,1,2,14,20,71,10,briefcase,15,practice,noise,Not Studied,go,absent,\ENTER,4,2690336.87232394,2690340.56461921,Return,Return,3.5176542638801,,5,1,2,0,0,68255c2,1622283041,0.2
29,1,2,14,20,71,10,briefcase,15,practice,study,Not Studied,go,absent,f,NaN,2689968.66159987,2689977.10686221,OK,f,8.30760813876987,,4,0,1,0,0,68255c2,1622283041,0.2
29,1,2,14,20,71,10,briefcase,15,practice,study,Not Studied,go,absent,f,NaN,2690069.18460738,2690069.36467922,OK,j,0.0197730776853859,,4,0,2,0,0,68255c2,1622283041,0.2
29,1,2,14,39,18,11,mouse,14,practice,name,Not Studied,nogo,present,NA,30,2690163.66377558,2690167.82640006,Return,NO RESPONSE,4.05531161325052,,7,1,1,0,0,68255c2,1622283041,0.2
29,1,2,14,39,18,11,mouse,14,practice,noise,Not Studied,nogo,present,z,4,2690342.7860024,2690346.70848331,OK,NO RESPONSE,NaN,,2,0,1,0,0,68255c2,1622283041,0.2
29,1,2,14,39,18,11,mouse,14,practice,noise,Not Studied,nogo,present,z,4,2690348.8598471,2690353.12247252,Return,Return,4.15344713581726,,2,0,2,0,0,68255c2,1622283041,0.2
29,1,2,14,39,18,11,mouse,14,practice,study,Not Studied,nogo,present,f,NaN,2689982.98054658,2689991.42582251,OK,j,8.33197864471003,,11,0,1,0,0,68255c2,1622283041,0.2
29,1,2,14,39,18,11,mouse,14,practice,study,Not Studied,nogo,present,f,NaN,2690071.63612007,2690071.90627597,OK,j,0.0960893030278385,,11,0,2,0,0,68255c2,1622283041,0.2
29,1,2,14,23,53,12,bucket,1,practice,name,CFS,name,present,NA,30,2690167.95646192,2690172.43926978,Return,stairs,4.37043302040547,,11,1,1,0,0,68255c2,1622283041,0.2
29,1,2,14,23,53,12,bucket,1,practice,name,CFS,name,present,NA,30,2690360.89733557,2690363.37894238,Return,  ,2.37140285409987,,11,1,2,0,0,68255c2,1622283041,0.2
29,1,2,14,23,53,12,bucket,1,practice,noise,CFS,name,present,NA,4,2690355.7241069,2690359.73666192,OK,NO RESPONSE,NaN,,2,1,1,0,0,68255c2,1622283041,0.2
29,1,2,14,23,53,12,bucket,1,practice,study,CFS,name,present,j,NaN,2689994.32770872,2689996.58905099,OK,f,2.08046480780467,,7,0.6,1,0,0,68255c2,1622283041,0.2
29,1,2,14,23,53,12,bucket,1,practice,study,CFS,name,present,j,NaN,2690074.94820007,2690076.16893791,OK,j,1.06378203770146,0,7,0.6,2,0,0,68255c2,1622283041,0.2
29,1,2,14,146,147,13,hinge,3,practice,name,CFS,go,present,NA,30,2690172.56933708,2690176.20162792,Return,wall,3.52528917649761,,7,1,1,0,0,68255c2,1622283041,0.2
29,1,2,14,146,147,13,hinge,3,practice,noise,CFS,go,present,\ENTER,4,2690364.53963263,2690368.48213535,OK,NO RESPONSE,NaN,,4,1,1,0,0,68255c2,1622283041,0.2
29,1,2,14,146,147,13,hinge,3,practice,noise,CFS,go,present,\ENTER,4,2690374.07563073,2690375.86675336,Return,Return,1.664468920324,,4,1,2,0,0,68255c2,1622283041,0.2
29,1,2,14,146,147,13,hinge,3,practice,study,CFS,go,present,j,NaN,2689999.50088305,2690000.06126313,CAUGHT,j,0.411167244892567,,11,0.6,1,0,0,68255c2,1622283041,0.2
29,1,2,14,146,147,13,hinge,3,practice,study,CFS,go,present,j,NaN,2690082.24278926,2690082.61297959,CAUGHT,j,0.264778192620724,,11,0.6,2,0,0,68255c2,1622283041,0.2
29,1,2,14,110,102,14,lazy chair,17,practice,name,Not Studied,go,absent,NA,30,2690176.22734949,2690176.23164568,OK,NO RESPONSE,NaN,,5,0,1,0,0,68255c2,1622283041,0.2
29,1,2,14,110,102,14,lazy chair,17,practice,noise,Not Studied,go,absent,\ENTER,4,2690377.50098055,2690377.50776878,OK,NO RESPONSE,NaN,,1,1,1,0,0,68255c2,1622283041,0.2
29,1,2,14,110,102,14,lazy chair,17,practice,noise,Not Studied,go,absent,\ENTER,4,2690379.98933062,2690382.73105572,Return,Return,2.58247797517106,,1,1,2,0,0,68255c2,1622283041,0.2
29,1,2,14,110,102,14,lazy chair,17,practice,study,Not Studied,go,absent,f,NaN,2690002.67284366,2690003.13315035,OK,f,0.32697794912383,,5,0,1,0,0,68255c2,1622283041,0.2
29,1,2,14,110,102,14,lazy chair,17,practice,study,Not Studied,go,absent,f,NaN,2690085.71494163,2690086.74557123,OK,j,0.864481356460601,,5,0,2,0,0,68255c2,1622283041,0.2
29,1,2,14,60,191,15,ethernet cable,9,practice,name,CFS,nogo,absent,NA,30,2690176.25545807,2690176.26166193,OK,NO RESPONSE,NaN,,5,0,1,0,0,68255c2,1622283041,0.2
29,1,2,14,60,191,15,ethernet cable,9,practice,noise,CFS,nogo,absent,z,4,2690384.36363694,2690384.37208503,OK,NO RESPONSE,NaN,,10,0,1,0,0,68255c2,1622283041,0.2
29,1,2,14,60,191,15,ethernet cable,9,practice,noise,CFS,nogo,absent,z,4,2690386.61347945,2690396.00941007,OK,NO RESPONSE,NaN,,10,0,2,0,0,68255c2,1622283041,0.2
29,1,2,14,60,191,15,ethernet cable,9,practice,study,CFS,nogo,absent,j,NaN,2690005.44459678,2690007.99621937,OK,j,2.41097708139569,0,5,0.6,1,0,0,68255c2,1622283041,0.2
29,1,2,14,60,191,15,ethernet cable,9,practice,study,CFS,nogo,absent,j,NaN,2690091.16836954,2690093.71993689,OK,j,2.4426770308055,0,5,0.6,2,0,0,68255c2,1622283041,0.2
29,1,2,14,26,52,16,camera,4,practice,name,CFS,go,present,NA,30,2690176.39177117,2690182.87587456,Return,lock,6.37457677302882,,2,1,1,0,0,68255c2,1622283041,0.2
29,1,2,14,26,52,16,camera,4,practice,noise,CFS,go,present,\ENTER,4,2690398.02062459,2690402.03312376,OK,NO RESPONSE,NaN,,6,1,1,0,0,68255c2,1622283041,0.2
29,1,2,14,26,52,16,camera,4,practice,noise,CFS,go,present,\ENTER,4,2690404.25453804,2690409.46780789,Return,Return,5.07574814977124,,6,1,2,0,0,68255c2,1622283041,0.2
29,1,2,14,26,52,16,camera,4,practice,study,CFS,go,present,j,NaN,2690019.63353506,2690020.09381881,CAUGHT,j,0.285396440885961,,5,0.6,1,0,0,68255c2,1622283041,0.2
29,1,2,14,26,52,16,camera,4,practice,study,CFS,go,present,j,NaN,2690099.90382105,2690105.01704921,OK,f,4.9946274291724,,5,0.6,2,0,0,68255c2,1622283041,0.2
29,1,2,14,81,96,17,stroller,8,practice,name,CFS,go,absent,NA,30,2690182.90072742,2690182.90581716,OK,NO RESPONSE,NaN,,4,0,1,0,0,68255c2,1622283041,0.2
29,1,2,14,81,96,17,stroller,8,practice,noise,CFS,go,absent,\ENTER,4,2690411.58161801,2690411.58912374,OK,NO RESPONSE,NaN,,9,1,1,0,0,68255c2,1622283041,0.2
29,1,2,14,81,96,17,stroller,8,practice,noise,CFS,go,absent,\ENTER,4,2690414.79115281,2690418.57353244,Return,Return,3.64275647699833,,9,1,2,0,0,68255c2,1622283041,0.2
29,1,2,14,81,96,17,stroller,8,practice,study,CFS,go,absent,j,NaN,2690022.41525817,2690022.87553891,CAUGHT,f,0.367462243884802,,10,0.6,1,0,0,68255c2,1622283041,0.2
29,1,2,14,81,96,17,stroller,8,practice,study,CFS,go,absent,j,NaN,2690107.22843071,2690107.47855816,CAUGHT,j,0.117923088837415,,10,0.6,2,0,0,68255c2,1622283041,0.2
29,2,2,14,71,20,1,truck,16,visualRecollection,name,Not Studied,go,absent,NA,30,NaN,NaN,,,NaN,,5,0,1,0,0,68255c2,1622283041,0.2
29,2,2,14,71,20,1,truck,16,visualRecollection,noise,Not Studied,go,absent,\ENTER,4,NaN,NaN,,,NaN,,7,1,1,0,0,68255c2,1622283041,0.2
29,2,2,14,71,20,1,truck,16,visualRecollection,noise,Not Studied,go,absent,\ENTER,4,NaN,NaN,,,NaN,,7,1,2,0,0,68255c2,1622283041,0.2
29,2,2,14,71,20,1,truck,16,visualRecollection,study,Not Studied,go,absent,f,NaN,2690428.65982048,2690431.68173818,OK,f,2.88539360370487,,11,0,1,0,0,68255c2,1622283041,0.2
29,2,2,14,71,20,1,truck,16,visualRecollection,study,Not Studied,go,absent,f,NaN,2691211.32007713,2691212.16061509,ESCAPE,ESCAPE,0.695851629134268,,11,0,2,0,0,68255c2,1622283041,0.2
29,2,2,14,137,28,2,flask,11,visualRecollection,name,Not Studied,go,present,NA,30,NaN,NaN,,,NaN,,7,1,1,0,0,68255c2,1622283041,0.2
29,2,2,14,137,28,2,flask,11,visualRecollection,noise,Not Studied,go,present,\ENTER,4,NaN,NaN,,,NaN,,5,1,1,0,0,68255c2,1622283041,0.2
29,2,2,14,137,28,2,flask,11,visualRecollection,noise,Not Studied,go,present,\ENTER,4,NaN,NaN,,,NaN,,5,1,2,0,0,68255c2,1622283041,0.2
29,2,2,14,137,28,2,flask,11,visualRecollection,study,Not Studied,go,present,f,NaN,2690434.75362752,2690435.50409229,OK,j,0.567233504727483,,1,0,1,0,0,68255c2,1622283041,0.2
29,2,2,14,137,28,2,flask,11,visualRecollection,study,Not Studied,go,present,f,NaN,NaN,NaN,,,NaN,,1,0,2,0,0,68255c2,1622283041,0.2
29,2,2,14,157,33,3,axe,3,visualRecollection,name,CFS,go,present,NA,30,NaN,NaN,,,NaN,,4,1,1,0,0,68255c2,1622283041,0.2
29,2,2,14,157,33,3,axe,3,visualRecollection,noise,CFS,go,present,\ENTER,4,NaN,NaN,,,NaN,,1,1,1,0,0,68255c2,1622283041,0.2
29,2,2,14,157,33,3,axe,3,visualRecollection,noise,CFS,go,present,\ENTER,4,NaN,NaN,,,NaN,,1,1,2,0,0,68255c2,1622283041,0.2
29,2,2,14,157,33,3,axe,3,visualRecollection,study,CFS,go,present,j,NaN,2690438.20583597,2690438.66607052,CAUGHT,f,0.330949045252055,,5,0.6,1,0,0,68255c2,1622283041,0.2
29,2,2,14,157,33,3,axe,3,visualRecollection,study,CFS,go,present,j,NaN,NaN,NaN,,,NaN,,5,0.6,2,0,0,68255c2,1622283041,0.2
29,2,2,14,88,40,4,spoon,12,visualRecollection,name,Not Studied,go,present,NA,30,NaN,NaN,,,NaN,,7,1,1,0,0,68255c2,1622283041,0.2
29,2,2,14,88,40,4,spoon,12,visualRecollection,noise,Not Studied,go,present,\ENTER,4,NaN,NaN,,,NaN,,8,1,1,0,0,68255c2,1622283041,0.2
29,2,2,14,88,40,4,spoon,12,visualRecollection,noise,Not Studied,go,present,\ENTER,4,NaN,NaN,,,NaN,,8,1,2,0,0,68255c2,1622283041,0.2
29,2,2,14,88,40,4,spoon,12,visualRecollection,study,Not Studied,go,present,f,NaN,2690440.35715357,2690440.81744699,OK,f,0.323516672011465,,8,0,1,0,0,68255c2,1622283041,0.2
29,2,2,14,88,40,4,spoon,12,visualRecollection,study,Not Studied,go,present,f,NaN,NaN,NaN,,,NaN,,8,0,2,0,0,68255c2,1622283041,0.2
29,2,2,14,57,90,5,computer drive,15,visualRecollection,name,Not Studied,go,absent,NA,30,NaN,NaN,,,NaN,,11,0,1,0,0,68255c2,1622283041,0.2
29,2,2,14,57,90,5,computer drive,15,visualRecollection,noise,Not Studied,go,absent,\ENTER,4,NaN,NaN,,,NaN,,2,1,1,0,0,68255c2,1622283041,0.2
29,2,2,14,57,90,5,computer drive,15,visualRecollection,noise,Not Studied,go,absent,\ENTER,4,NaN,NaN,,,NaN,,2,1,2,0,0,68255c2,1622283041,0.2
29,2,2,14,57,90,5,computer drive,15,visualRecollection,study,Not Studied,go,absent,f,NaN,2690442.6285896,2690443.18890961,OK,j,0.371897581033409,,11,0,1,0,0,68255c2,1622283041,0.2
29,2,2,14,57,90,5,computer drive,15,visualRecollection,study,Not Studied,go,absent,f,NaN,NaN,NaN,,,NaN,,11,0,2,0,0,68255c2,1622283041,0.2
29,2,2,14,107,64,6,ring,14,visualRecollection,name,Not Studied,nogo,present,NA,30,NaN,NaN,,,NaN,,6,1,1,0,0,68255c2,1622283041,0.2
29,2,2,14,107,64,6,ring,14,visualRecollection,noise,Not Studied,nogo,present,z,4,NaN,NaN,,,NaN,,3,0,1,0,0,68255c2,1622283041,0.2
29,2,2,14,107,64,6,ring,14,visualRecollection,noise,Not Studied,nogo,present,z,4,NaN,NaN,,,NaN,,3,0,2,0,0,68255c2,1622283041,0.2
29,2,2,14,107,64,6,ring,14,visualRecollection,study,Not Studied,nogo,present,f,NaN,2690445.23017961,2690445.98066037,OK,j,0.634255565702915,,8,0,1,0,0,68255c2,1622283041,0.2
29,2,2,14,107,64,6,ring,14,visualRecollection,study,Not Studied,nogo,present,f,NaN,NaN,NaN,,,NaN,,8,0,2,0,0,68255c2,1622283041,0.2
29,2,2,14,28,137,7,candle,2,visualRecollection,name,CFS,go,present,NA,30,NaN,NaN,,,NaN,,5,1,1,0,0,68255c2,1622283041,0.2
29,2,2,14,28,137,7,candle,2,visualRecollection,noise,CFS,go,present,\ENTER,4,NaN,NaN,,,NaN,,9,1,1,0,0,68255c2,1622283041,0.2
29,2,2,14,28,137,7,candle,2,visualRecollection,noise,CFS,go,present,\ENTER,4,NaN,NaN,,,NaN,,9,1,2,0,0,68255c2,1622283041,0.2
29,2,2,14,28,137,7,candle,2,visualRecollection,study,CFS,go,present,j,NaN,2690447.92189654,2690448.29210287,CAUGHT,f,0.238382294308394,,5,0.6,1,0,0,68255c2,1622283041,0.2
29,2,2,14,28,137,7,candle,2,visualRecollection,study,CFS,go,present,j,NaN,NaN,NaN,,,NaN,,5,0.6,2,0,0,68255c2,1622283041,0.2
29,2,2,14,85,25,8,foot stool,10,visualRecollection,name,Not Studied,name,present,NA,30,NaN,NaN,,,NaN,,4,1,1,0,0,68255c2,1622283041,0.2
29,2,2,14,85,25,8,foot stool,10,visualRecollection,name,Not Studied,name,present,NA,30,NaN,NaN,,,NaN,,4,1,2,0,0,68255c2,1622283041,0.2
29,2,2,14,85,25,8,foot stool,10,visualRecollection,noise,Not Studied,name,present,NA,4,NaN,NaN,,,NaN,,7,1,1,0,0,68255c2,1622283041,0.2
29,2,2,14,85,25,8,foot stool,10,visualRecollection,study,Not Studied,name,present,f,NaN,2690450.39343284,2690451.04384476,OK,j,0.486744247376919,,1,0,1,0,0,68255c2,1622283041,0.2
29,2,2,14,85,25,8,foot stool,10,visualRecollection,study,Not Studied,name,present,f,NaN,NaN,NaN,,,NaN,,1,0,2,0,0,68255c2,1622283041,0.2
29,2,2,14,156,150,9,ice tray,13,visualRecollection,name,Not Studied,go,present,NA,30,NaN,NaN,,,NaN,,10,1,1,0,0,68255c2,1622283041,0.2
29,2,2,14,156,150,9,ice tray,13,visualRecollection,noise,Not Studied,go,present,\ENTER,4,NaN,NaN,,,NaN,,4,1,1,0,0,68255c2,1622283041,0.2
29,2,2,14,156,150,9,ice tray,13,visualRecollection,noise,Not Studied,go,present,\ENTER,4,NaN,NaN,,,NaN,,4,1,2,0,0,68255c2,1622283041,0.2
29,2,2,14,156,150,9,ice tray,13,visualRecollection,study,Not Studied,go,present,f,NaN,2690453.04507267,2690454.9263358,OK,j,1.70685032242909,,11,0,1,0,0,68255c2,1622283041,0.2
29,2,2,14,156,150,9,ice tray,13,visualRecollection,study,Not Studied,go,present,f,NaN,NaN,NaN,,,NaN,,11,0,2,0,0,68255c2,1622283041,0.2
29,2,2,14,73,68,10,toothbrush,4,visualRecollection,name,CFS,go,present,NA,30,NaN,NaN,,,NaN,,11,1,1,0,0,68255c2,1622283041,0.2
29,2,2,14,73,68,10,toothbrush,4,visualRecollection,noise,CFS,go,present,\ENTER,4,NaN,NaN,,,NaN,,2,1,1,0,0,68255c2,1622283041,0.2
29,2,2,14,73,68,10,toothbrush,4,visualRecollection,noise,CFS,go,present,\ENTER,4,NaN,NaN,,,NaN,,2,1,2,0,0,68255c2,1622283041,0.2
29,2,2,14,73,68,10,toothbrush,4,visualRecollection,study,CFS,go,present,j,NaN,2690457.20771134,2690457.85809549,CAUGHT,f,0.488136062864214,,4,0.6,1,0,0,68255c2,1622283041,0.2
29,2,2,14,73,68,10,toothbrush,4,visualRecollection,study,CFS,go,present,j,NaN,NaN,NaN,,,NaN,,4,0.6,2,0,0,68255c2,1622283041,0.2
29,2,2,14,43,44,11,crayon,7,visualRecollection,name,CFS,go,absent,NA,30,NaN,NaN,,,NaN,,3,0,1,0,0,68255c2,1622283041,0.2
29,2,2,14,43,44,11,crayon,7,visualRecollection,noise,CFS,go,absent,\ENTER,4,NaN,NaN,,,NaN,,1,1,1,0,0,68255c2,1622283041,0.2
29,2,2,14,43,44,11,crayon,7,visualRecollection,noise,CFS,go,absent,\ENTER,4,NaN,NaN,,,NaN,,1,1,2,0,0,68255c2,1622283041,0.2
29,2,2,14,43,44,11,crayon,7,visualRecollection,study,CFS,go,absent,j,NaN,2690460.21961135,2690460.97008638,CAUGHT,j,0.611992553807795,,10,0.6,1,0,0,68255c2,1622283041,0.2
29,2,2,14,43,44,11,crayon,7,visualRecollection,study,CFS,go,absent,j,NaN,NaN,NaN,,,NaN,,10,0.6,2,0,0,68255c2,1622283041,0.2
29,2,2,14,189,19,12,pen,17,visualRecollection,name,Not Studied,go,absent,NA,30,NaN,NaN,,,NaN,,1,0,1,0,0,68255c2,1622283041,0.2
29,2,2,14,189,19,12,pen,17,visualRecollection,noise,Not Studied,go,absent,\ENTER,4,NaN,NaN,,,NaN,,8,1,1,0,0,68255c2,1622283041,0.2
29,2,2,14,189,19,12,pen,17,visualRecollection,noise,Not Studied,go,absent,\ENTER,4,NaN,NaN,,,NaN,,8,1,2,0,0,68255c2,1622283041,0.2
29,2,2,14,189,19,12,pen,17,visualRecollection,study,Not Studied,go,absent,f,NaN,2690462.87131459,2690463.71174235,OK,f,0.680186965037137,,7,0,1,0,0,68255c2,1622283041,0.2
29,2,2,14,189,19,12,pen,17,visualRecollection,study,Not Studied,go,absent,f,NaN,NaN,NaN,,,NaN,,7,0,2,0,0,68255c2,1622283041,0.2
29,2,2,14,193,198,13,razor,8,visualRecollection,name,CFS,go,absent,NA,30,NaN,NaN,,,NaN,,10,0,1,0,0,68255c2,1622283041,0.2
29,2,2,14,193,198,13,razor,8,visualRecollection,noise,CFS,go,absent,\ENTER,4,NaN,NaN,,,NaN,,2,1,1,0,0,68255c2,1622283041,0.2
29,2,2,14,193,198,13,razor,8,visualRecollection,noise,CFS,go,absent,\ENTER,4,NaN,NaN,,,NaN,,2,1,2,0,0,68255c2,1622283041,0.2
29,2,2,14,193,198,13,razor,8,visualRecollection,study,CFS,go,absent,j,NaN,2690465.843142,2690467.44412167,OK,j,1.50006534950808,0,7,0.6,1,0,0,68255c2,1622283041,0.2
29,2,2,14,193,198,13,razor,8,visualRecollection,study,CFS,go,absent,j,NaN,NaN,NaN,,,NaN,,7,0.6,2,0,0,68255c2,1622283041,0.2
29,2,2,14,154,176,14,ladle,6,visualRecollection,name,CFS,go,absent,NA,30,NaN,NaN,,,NaN,,7,0,1,0,0,68255c2,1622283041,0.2
29,2,2,14,154,176,14,ladle,6,visualRecollection,noise,CFS,go,absent,\ENTER,4,NaN,NaN,,,NaN,,7,1,1,0,0,68255c2,1622283041,0.2
29,2,2,14,154,176,14,ladle,6,visualRecollection,noise,CFS,go,absent,\ENTER,4,NaN,NaN,,,NaN,,7,1,2,0,0,68255c2,1622283041,0.2
29,2,2,14,154,176,14,ladle,6,visualRecollection,study,CFS,go,absent,j,NaN,2690479.94195999,2690480.78247441,CAUGHT,j,0.712644271552563,,6,0.6,1,0,0,68255c2,1622283041,0.2
29,2,2,14,154,176,14,ladle,6,visualRecollection,study,CFS,go,absent,j,NaN,NaN,NaN,,,NaN,,6,0.6,2,0,0,68255c2,1622283041,0.2
29,2,2,14,153,8,15,knife,5,visualRecollection,name,CFS,nogo,present,NA,30,NaN,NaN,,,NaN,,10,1,1,0,0,68255c2,1622283041,0.2
29,2,2,14,153,8,15,knife,5,visualRecollection,noise,CFS,nogo,present,z,4,NaN,NaN,,,NaN,,11,0,1,0,0,68255c2,1622283041,0.2
29,2,2,14,153,8,15,knife,5,visualRecollection,noise,CFS,nogo,present,z,4,NaN,NaN,,,NaN,,11,0,2,0,0,68255c2,1622283041,0.2
29,2,2,14,153,8,15,knife,5,visualRecollection,study,CFS,nogo,present,j,NaN,2690482.98384576,2690483.63427005,CAUGHT,j,0.470595444086939,,11,0.6,1,0,0,68255c2,1622283041,0.2
29,2,2,14,153,8,15,knife,5,visualRecollection,study,CFS,nogo,present,j,NaN,NaN,NaN,,,NaN,,11,0.6,2,0,0,68255c2,1622283041,0.2
29,2,2,14,113,76,16,radio,9,visualRecollection,name,CFS,nogo,absent,NA,30,NaN,NaN,,,NaN,,6,0,1,0,0,68255c2,1622283041,0.2
29,2,2,14,113,76,16,radio,9,visualRecollection,noise,CFS,nogo,absent,z,4,NaN,NaN,,,NaN,,5,0,1,0,0,68255c2,1622283041,0.2
29,2,2,14,113,76,16,radio,9,visualRecollection,noise,CFS,nogo,absent,z,4,NaN,NaN,,,NaN,,5,0,2,0,0,68255c2,1622283041,0.2
29,2,2,14,113,76,16,radio,9,visualRecollection,study,CFS,nogo,absent,j,NaN,2690553.25790393,2690572.14969669,OK,NO RESPONSE,NaN,,3,0.6,1,0,0,68255c2,1622283041,0.2
29,2,2,14,113,76,16,radio,9,visualRecollection,study,CFS,nogo,absent,j,NaN,NaN,NaN,,,NaN,,3,0.6,2,0,0,68255c2,1622283041,0.2
29,2,2,14,121,61,17,mug,1,visualRecollection,name,CFS,name,present,NA,30,NaN,NaN,,,NaN,,4,1,1,0,0,68255c2,1622283041,0.2
29,2,2,14,121,61,17,mug,1,visualRecollection,name,CFS,name,present,NA,30,NaN,NaN,,,NaN,,4,1,2,0,0,68255c2,1622283041,0.2
29,2,2,14,121,61,17,mug,1,visualRecollection,noise,CFS,name,present,NA,4,NaN,NaN,,,NaN,,10,1,1,0,0,68255c2,1622283041,0.2
29,2,2,14,121,61,17,mug,1,visualRecollection,study,CFS,name,present,j,NaN,2690666.23867026,2690667.36938772,OK,j,1.02999843936414,0,5,0.6,1,0,0,68255c2,1622283041,0.2
29,2,2,14,121,61,17,mug,1,visualRecollection,study,CFS,name,present,j,NaN,NaN,NaN,,,NaN,,5,0.6,2,0,0,68255c2,1622283041,0.2
29,3,2,14,147,146,1,hole punch,2,visualRecollection,name,CFS,go,present,NA,30,NaN,NaN,,,NaN,,6,1,1,0,0,68255c2,1622283041,0.2
29,3,2,14,147,146,1,hole punch,2,visualRecollection,noise,CFS,go,present,\ENTER,4,NaN,NaN,,,NaN,,10,1,1,0,0,68255c2,1622283041,0.2
29,3,2,14,147,146,1,hole punch,2,visualRecollection,noise,CFS,go,present,\ENTER,4,NaN,NaN,,,NaN,,10,1,2,0,0,68255c2,1622283041,0.2
29,3,2,14,147,146,1,hole punch,2,visualRecollection,study,CFS,go,present,j,NaN,NaN,NaN,,,NaN,,6,0.6,1,0,0,68255c2,1622283041,0.2
29,3,2,14,147,146,1,hole punch,2,visualRecollection,study,CFS,go,present,j,NaN,NaN,NaN,,,NaN,,6,0.6,2,0,0,68255c2,1622283041,0.2
29,3,2,14,111,125,2,kid toy,7,visualRecollection,name,CFS,go,absent,NA,30,NaN,NaN,,,NaN,,2,0,1,0,0,68255c2,1622283041,0.2
29,3,2,14,111,125,2,kid toy,7,visualRecollection,noise,CFS,go,absent,\ENTER,4,NaN,NaN,,,NaN,,10,1,1,0,0,68255c2,1622283041,0.2
29,3,2,14,111,125,2,kid toy,7,visualRecollection,noise,CFS,go,absent,\ENTER,4,NaN,NaN,,,NaN,,10,1,2,0,0,68255c2,1622283041,0.2
29,3,2,14,111,125,2,kid toy,7,visualRecollection,study,CFS,go,absent,j,NaN,NaN,NaN,,,NaN,,6,0.6,1,0,0,68255c2,1622283041,0.2
29,3,2,14,111,125,2,kid toy,7,visualRecollection,study,CFS,go,absent,j,NaN,NaN,NaN,,,NaN,,6,0.6,2,0,0,68255c2,1622283041,0.2
29,3,2,14,11,103,3,bib,14,visualRecollection,name,Not Studied,nogo,present,NA,30,NaN,NaN,,,NaN,,4,1,1,0,0,68255c2,1622283041,0.2
29,3,2,14,11,103,3,bib,14,visualRecollection,noise,Not Studied,nogo,present,z,4,NaN,NaN,,,NaN,,8,0,1,0,0,68255c2,1622283041,0.2
29,3,2,14,11,103,3,bib,14,visualRecollection,noise,Not Studied,nogo,present,z,4,NaN,NaN,,,NaN,,8,0,2,0,0,68255c2,1622283041,0.2
29,3,2,14,11,103,3,bib,14,visualRecollection,study,Not Studied,nogo,present,f,NaN,NaN,NaN,,,NaN,,8,0,1,0,0,68255c2,1622283041,0.2
29,3,2,14,11,103,3,bib,14,visualRecollection,study,Not Studied,nogo,present,f,NaN,NaN,NaN,,,NaN,,8,0,2,0,0,68255c2,1622283041,0.2
29,3,2,14,18,39,4,box,8,visualRecollection,name,CFS,go,absent,NA,30,NaN,NaN,,,NaN,,6,0,1,0,0,68255c2,1622283041,0.2
29,3,2,14,18,39,4,box,8,visualRecollection,noise,CFS,go,absent,\ENTER,4,NaN,NaN,,,NaN,,8,1,1,0,0,68255c2,1622283041,0.2
29,3,2,14,18,39,4,box,8,visualRecollection,noise,CFS,go,absent,\ENTER,4,NaN,NaN,,,NaN,,8,1,2,0,0,68255c2,1622283041,0.2
29,3,2,14,18,39,4,box,8,visualRecollection,study,CFS,go,absent,j,NaN,NaN,NaN,,,NaN,,6,0.6,1,0,0,68255c2,1622283041,0.2
29,3,2,14,18,39,4,box,8,visualRecollection,study,CFS,go,absent,j,NaN,NaN,NaN,,,NaN,,6,0.6,2,0,0,68255c2,1622283041,0.2
29,3,2,14,29,86,5,candlestick,9,visualRecollection,name,CFS,nogo,absent,NA,30,NaN,NaN,,,NaN,,10,0,1,0,0,68255c2,1622283041,0.2
29,3,2,14,29,86,5,candlestick,9,visualRecollection,noise,CFS,nogo,absent,z,4,NaN,NaN,,,NaN,,8,0,1,0,0,68255c2,1622283041,0.2
29,3,2,14,29,86,5,candlestick,9,visualRecollection,noise,CFS,nogo,absent,z,4,NaN,NaN,,,NaN,,8,0,2,0,0,68255c2,1622283041,0.2
29,3,2,14,29,86,5,candlestick,9,visualRecollection,study,CFS,nogo,absent,j,NaN,NaN,NaN,,,NaN,,4,0.6,1,0,0,68255c2,1622283041,0.2
29,3,2,14,29,86,5,candlestick,9,visualRecollection,study,CFS,nogo,absent,j,NaN,NaN,NaN,,,NaN,,4,0.6,2,0,0,68255c2,1622283041,0.2
29,3,2,14,181,184,6,clipboard,10,visualRecollection,name,Not Studied,name,present,NA,30,NaN,NaN,,,NaN,,5,1,1,0,0,68255c2,1622283041,0.2
29,3,2,14,181,184,6,clipboard,10,visualRecollection,name,Not Studied,name,present,NA,30,NaN,NaN,,,NaN,,5,1,2,0,0,68255c2,1622283041,0.2
29,3,2,14,181,184,6,clipboard,10,visualRecollection,noise,Not Studied,name,present,NA,4,NaN,NaN,,,NaN,,8,1,1,0,0,68255c2,1622283041,0.2
29,3,2,14,181,184,6,clipboard,10,visualRecollection,study,Not Studied,name,present,f,NaN,NaN,NaN,,,NaN,,11,0,1,0,0,68255c2,1622283041,0.2
29,3,2,14,181,184,6,clipboard,10,visualRecollection,study,Not Studied,name,present,f,NaN,NaN,NaN,,,NaN,,11,0,2,0,0,68255c2,1622283041,0.2
29,3,2,14,195,199,7,toilet,6,visualRecollection,name,CFS,go,absent,NA,30,NaN,NaN,,,NaN,,1,0,1,0,0,68255c2,1622283041,0.2
29,3,2,14,195,199,7,toilet,6,visualRecollection,noise,CFS,go,absent,\ENTER,4,NaN,NaN,,,NaN,,2,1,1,0,0,68255c2,1622283041,0.2
29,3,2,14,195,199,7,toilet,6,visualRecollection,noise,CFS,go,absent,\ENTER,4,NaN,NaN,,,NaN,,2,1,2,0,0,68255c2,1622283041,0.2
29,3,2,14,195,199,7,toilet,6,visualRecollection,study,CFS,go,absent,j,NaN,NaN,NaN,,,NaN,,4,0.6,1,0,0,68255c2,1622283041,0.2
29,3,2,14,195,199,7,toilet,6,visualRecollection,study,CFS,go,absent,j,NaN,NaN,NaN,,,NaN,,4,0.6,2,0,0,68255c2,1622283041,0.2
29,3,2,14,145,15,8,router,5,visualRecollection,name,CFS,nogo,present,NA,30,NaN,NaN,,,NaN,,3,1,1,0,0,68255c2,1622283041,0.2
29,3,2,14,145,15,8,router,5,visualRecollection,noise,CFS,nogo,present,z,4,NaN,NaN,,,NaN,,4,0,1,0,0,68255c2,1622283041,0.2
29,3,2,14,145,15,8,router,5,visualRecollection,noise,CFS,nogo,present,z,4,NaN,NaN,,,NaN,,4,0,2,0,0,68255c2,1622283041,0.2
29,3,2,14,145,15,8,router,5,visualRecollection,study,CFS,nogo,present,j,NaN,NaN,NaN,,,NaN,,8,0.6,1,0,0,68255c2,1622283041,0.2
29,3,2,14,145,15,8,router,5,visualRecollection,study,CFS,nogo,present,j,NaN,NaN,NaN,,,NaN,,8,0.6,2,0,0,68255c2,1622283041,0.2
29,3,2,14,185,183,9,lock,4,visualRecollection,name,CFS,go,present,NA,30,NaN,NaN,,,NaN,,4,1,1,0,0,68255c2,1622283041,0.2
29,3,2,14,185,183,9,lock,4,visualRecollection,noise,CFS,go,present,\ENTER,4,NaN,NaN,,,NaN,,1,1,1,0,0,68255c2,1622283041,0.2
29,3,2,14,185,183,9,lock,4,visualRecollection,noise,CFS,go,present,\ENTER,4,NaN,NaN,,,NaN,,1,1,2,0,0,68255c2,1622283041,0.2
29,3,2,14,185,183,9,lock,4,visualRecollection,study,CFS,go,present,j,NaN,NaN,NaN,,,NaN,,3,0.6,1,0,0,68255c2,1622283041,0.2
29,3,2,14,185,183,9,lock,4,visualRecollection,study,CFS,go,present,j,NaN,NaN,NaN,,,NaN,,3,0.6,2,0,0,68255c2,1622283041,0.2
29,3,2,14,45,165,10,cutting board,11,visualRecollection,name,Not Studied,go,present,NA,30,NaN,NaN,,,NaN,,11,1,1,0,0,68255c2,1622283041,0.2
29,3,2,14,45,165,10,cutting board,11,visualRecollection,noise,Not Studied,go,present,\ENTER,4,NaN,NaN,,,NaN,,11,1,1,0,0,68255c2,1622283041,0.2
29,3,2,14,45,165,10,cutting board,11,visualRecollection,noise,Not Studied,go,present,\ENTER,4,NaN,NaN,,,NaN,,11,1,2,0,0,68255c2,1622283041,0.2
29,3,2,14,45,165,10,cutting board,11,visualRecollection,study,Not Studied,go,present,f,NaN,NaN,NaN,,,NaN,,3,0,1,0,0,68255c2,1622283041,0.2
29,3,2,14,45,165,10,cutting board,11,visualRecollection,study,Not Studied,go,present,f,NaN,NaN,NaN,,,NaN,,3,0,2,0,0,68255c2,1622283041,0.2
29,3,2,14,15,145,11,boat,13,visualRecollection,name,Not Studied,go,present,NA,30,NaN,NaN,,,NaN,,11,1,1,0,0,68255c2,1622283041,0.2
29,3,2,14,15,145,11,boat,13,visualRecollection,noise,Not Studied,go,present,\ENTER,4,NaN,NaN,,,NaN,,6,1,1,0,0,68255c2,1622283041,0.2
29,3,2,14,15,145,11,boat,13,visualRecollection,noise,Not Studied,go,present,\ENTER,4,NaN,NaN,,,NaN,,6,1,2,0,0,68255c2,1622283041,0.2
29,3,2,14,15,145,11,boat,13,visualRecollection,study,Not Studied,go,present,f,NaN,NaN,NaN,,,NaN,,10,0,1,0,0,68255c2,1622283041,0.2
29,3,2,14,15,145,11,boat,13,visualRecollection,study,Not Studied,go,present,f,NaN,NaN,NaN,,,NaN,,10,0,2,0,0,68255c2,1622283041,0.2
29,3,2,14,199,195,12,scroll,1,visualRecollection,name,CFS,name,present,NA,30,NaN,NaN,,,NaN,,8,1,1,0,0,68255c2,1622283041,0.2
29,3,2,14,199,195,12,scroll,1,visualRecollection,name,CFS,name,present,NA,30,NaN,NaN,,,NaN,,8,1,2,0,0,68255c2,1622283041,0.2
29,3,2,14,199,195,12,scroll,1,visualRecollection,noise,CFS,name,present,NA,4,NaN,NaN,,,NaN,,10,1,1,0,0,68255c2,1622283041,0.2
29,3,2,14,199,195,12,scroll,1,visualRecollection,study,CFS,name,present,j,NaN,NaN,NaN,,,NaN,,6,0.6,1,0,0,68255c2,1622283041,0.2
29,3,2,14,199,195,12,scroll,1,visualRecollection,study,CFS,name,present,j,NaN,NaN,NaN,,,NaN,,6,0.6,2,0,0,68255c2,1622283041,0.2
29,3,2,14,161,163,13,pen,3,visualRecollection,name,CFS,go,present,NA,30,NaN,NaN,,,NaN,,1,1,1,0,0,68255c2,1622283041,0.2
29,3,2,14,161,163,13,pen,3,visualRecollection,noise,CFS,go,present,\ENTER,4,NaN,NaN,,,NaN,,9,1,1,0,0,68255c2,1622283041,0.2
29,3,2,14,161,163,13,pen,3,visualRecollection,noise,CFS,go,present,\ENTER,4,NaN,NaN,,,NaN,,9,1,2,0,0,68255c2,1622283041,0.2
29,3,2,14,161,163,13,pen,3,visualRecollection,study,CFS,go,present,j,NaN,NaN,NaN,,,NaN,,5,0.6,1,0,0,68255c2,1622283041,0.2
29,3,2,14,161,163,13,pen,3,visualRecollection,study,CFS,go,present,j,NaN,NaN,NaN,,,NaN,,5,0.6,2,0,0,68255c2,1622283041,0.2
29,3,2,14,30,69,14,cane,16,visualRecollection,name,Not Studied,go,absent,NA,30,NaN,NaN,,,NaN,,7,0,1,0,0,68255c2,1622283041,0.2
29,3,2,14,30,69,14,cane,16,visualRecollection,noise,Not Studied,go,absent,\ENTER,4,NaN,NaN,,,NaN,,5,1,1,0,0,68255c2,1622283041,0.2
29,3,2,14,30,69,14,cane,16,visualRecollection,noise,Not Studied,go,absent,\ENTER,4,NaN,NaN,,,NaN,,5,1,2,0,0,68255c2,1622283041,0.2
29,3,2,14,30,69,14,cane,16,visualRecollection,study,Not Studied,go,absent,f,NaN,NaN,NaN,,,NaN,,6,0,1,0,0,68255c2,1622283041,0.2
29,3,2,14,30,69,14,cane,16,visualRecollection,study,Not Studied,go,absent,f,NaN,NaN,NaN,,,NaN,,6,0,2,0,0,68255c2,1622283041,0.2
29,3,2,14,140,144,15,hammer,15,visualRecollection,name,Not Studied,go,absent,NA,30,NaN,NaN,,,NaN,,8,0,1,0,0,68255c2,1622283041,0.2
29,3,2,14,140,144,15,hammer,15,visualRecollection,noise,Not Studied,go,absent,\ENTER,4,NaN,NaN,,,NaN,,9,1,1,0,0,68255c2,1622283041,0.2
29,3,2,14,140,144,15,hammer,15,visualRecollection,noise,Not Studied,go,absent,\ENTER,4,NaN,NaN,,,NaN,,9,1,2,0,0,68255c2,1622283041,0.2
29,3,2,14,140,144,15,hammer,15,visualRecollection,study,Not Studied,go,absent,f,NaN,NaN,NaN,,,NaN,,10,0,1,0,0,68255c2,1622283041,0.2
29,3,2,14,140,144,15,hammer,15,visualRecollection,study,Not Studied,go,absent,f,NaN,NaN,NaN,,,NaN,,10,0,2,0,0,68255c2,1622283041,0.2
29,3,2,14,97,151,16,scissors,12,visualRecollection,name,Not Studied,go,present,NA,30,NaN,NaN,,,NaN,,4,1,1,0,0,68255c2,1622283041,0.2
29,3,2,14,97,151,16,scissors,12,visualRecollection,noise,Not Studied,go,present,\ENTER,4,NaN,NaN,,,NaN,,2,1,1,0,0,68255c2,1622283041,0.2
29,3,2,14,97,151,16,scissors,12,visualRecollection,noise,Not Studied,go,present,\ENTER,4,NaN,NaN,,,NaN,,2,1,2,0,0,68255c2,1622283041,0.2
29,3,2,14,97,151,16,scissors,12,visualRecollection,study,Not Studied,go,present,f,NaN,NaN,NaN,,,NaN,,6,0,1,0,0,68255c2,1622283041,0.2
29,3,2,14,97,151,16,scissors,12,visualRecollection,study,Not Studied,go,present,f,NaN,NaN,NaN,,,NaN,,6,0,2,0,0,68255c2,1622283041,0.2
29,3,2,14,196,200,17,faucet,17,visualRecollection,name,Not Studied,go,absent,NA,30,NaN,NaN,,,NaN,,11,0,1,0,0,68255c2,1622283041,0.2
29,3,2,14,196,200,17,faucet,17,visualRecollection,noise,Not Studied,go,absent,\ENTER,4,NaN,NaN,,,NaN,,6,1,1,0,0,68255c2,1622283041,0.2
29,3,2,14,196,200,17,faucet,17,visualRecollection,noise,Not Studied,go,absent,\ENTER,4,NaN,NaN,,,NaN,,6,1,2,0,0,68255c2,1622283041,0.2
29,3,2,14,196,200,17,faucet,17,visualRecollection,study,Not Studied,go,absent,f,NaN,NaN,NaN,,,NaN,,3,0,1,0,0,68255c2,1622283041,0.2
29,3,2,14,196,200,17,faucet,17,visualRecollection,study,Not Studied,go,absent,f,NaN,NaN,NaN,,,NaN,,3,0,2,0,0,68255c2,1622283041,0.2
29,4,2,14,172,170,1,paint brush,7,visualRecollection,name,CFS,go,absent,NA,30,NaN,NaN,,,NaN,,8,0,1,0,0,68255c2,1622283041,0.2
29,4,2,14,172,170,1,paint brush,7,visualRecollection,noise,CFS,go,absent,\ENTER,4,NaN,NaN,,,NaN,,2,1,1,0,0,68255c2,1622283041,0.2
29,4,2,14,172,170,1,paint brush,7,visualRecollection,noise,CFS,go,absent,\ENTER,4,NaN,NaN,,,NaN,,2,1,2,0,0,68255c2,1622283041,0.2
29,4,2,14,172,170,1,paint brush,7,visualRecollection,study,CFS,go,absent,j,NaN,NaN,NaN,,,NaN,,7,0.6,1,0,0,68255c2,1622283041,0.2
29,4,2,14,172,170,1,paint brush,7,visualRecollection,study,CFS,go,absent,j,NaN,NaN,NaN,,,NaN,,7,0.6,2,0,0,68255c2,1622283041,0.2
29,4,2,14,99,56,2,saw,3,visualRecollection,name,CFS,go,present,NA,30,NaN,NaN,,,NaN,,5,1,1,0,0,68255c2,1622283041,0.2
29,4,2,14,99,56,2,saw,3,visualRecollection,noise,CFS,go,present,\ENTER,4,NaN,NaN,,,NaN,,6,1,1,0,0,68255c2,1622283041,0.2
29,4,2,14,99,56,2,saw,3,visualRecollection,noise,CFS,go,present,\ENTER,4,NaN,NaN,,,NaN,,6,1,2,0,0,68255c2,1622283041,0.2
29,4,2,14,99,56,2,saw,3,visualRecollection,study,CFS,go,present,j,NaN,NaN,NaN,,,NaN,,2,0.6,1,0,0,68255c2,1622283041,0.2
29,4,2,14,99,56,2,saw,3,visualRecollection,study,CFS,go,present,j,NaN,NaN,NaN,,,NaN,,2,0.6,2,0,0,68255c2,1622283041,0.2
29,4,2,14,202,208,3,zip tie,6,visualRecollection,name,CFS,go,absent,NA,30,NaN,NaN,,,NaN,,8,0,1,0,0,68255c2,1622283041,0.2
29,4,2,14,202,208,3,zip tie,6,visualRecollection,noise,CFS,go,absent,\ENTER,4,NaN,NaN,,,NaN,,9,1,1,0,0,68255c2,1622283041,0.2
29,4,2,14,202,208,3,zip tie,6,visualRecollection,noise,CFS,go,absent,\ENTER,4,NaN,NaN,,,NaN,,9,1,2,0,0,68255c2,1622283041,0.2
29,4,2,14,202,208,3,zip tie,6,visualRecollection,study,CFS,go,absent,j,NaN,NaN,NaN,,,NaN,,9,0.6,1,0,0,68255c2,1622283041,0.2
29,4,2,14,202,208,3,zip tie,6,visualRecollection,study,CFS,go,absent,j,NaN,NaN,NaN,,,NaN,,9,0.6,2,0,0,68255c2,1622283041,0.2
29,4,2,14,31,47,4,cell phone,1,visualRecollection,name,CFS,name,present,NA,30,NaN,NaN,,,NaN,,5,1,1,0,0,68255c2,1622283041,0.2
29,4,2,14,31,47,4,cell phone,1,visualRecollection,name,CFS,name,present,NA,30,NaN,NaN,,,NaN,,5,1,2,0,0,68255c2,1622283041,0.2
29,4,2,14,31,47,4,cell phone,1,visualRecollection,noise,CFS,name,present,NA,4,NaN,NaN,,,NaN,,5,1,1,0,0,68255c2,1622283041,0.2
29,4,2,14,31,47,4,cell phone,1,visualRecollection,study,CFS,name,present,j,NaN,NaN,NaN,,,NaN,,11,0.6,1,0,0,68255c2,1622283041,0.2
29,4,2,14,31,47,4,cell phone,1,visualRecollection,study,CFS,name,present,j,NaN,NaN,NaN,,,NaN,,11,0.6,2,0,0,68255c2,1622283041,0.2
29,4,2,14,86,29,5,steering wheel,5,visualRecollection,name,CFS,nogo,present,NA,30,NaN,NaN,,,NaN,,11,1,1,0,0,68255c2,1622283041,0.2
29,4,2,14,86,29,5,steering wheel,5,visualRecollection,noise,CFS,nogo,present,z,4,NaN,NaN,,,NaN,,7,0,1,0,0,68255c2,1622283041,0.2
29,4,2,14,86,29,5,steering wheel,5,visualRecollection,noise,CFS,nogo,present,z,4,NaN,NaN,,,NaN,,7,0,2,0,0,68255c2,1622283041,0.2
29,4,2,14,86,29,5,steering wheel,5,visualRecollection,study,CFS,nogo,present,j,NaN,NaN,NaN,,,NaN,,9,0.6,1,0,0,68255c2,1622283041,0.2
29,4,2,14,86,29,5,steering wheel,5,visualRecollection,study,CFS,nogo,present,j,NaN,NaN,NaN,,,NaN,,9,0.6,2,0,0,68255c2,1622283041,0.2
29,4,2,14,176,154,6,paper clip,13,visualRecollection,name,Not Studied,go,present,NA,30,NaN,NaN,,,NaN,,8,1,1,0,0,68255c2,1622283041,0.2
29,4,2,14,176,154,6,paper clip,13,visualRecollection,noise,Not Studied,go,present,\ENTER,4,NaN,NaN,,,NaN,,11,1,1,0,0,68255c2,1622283041,0.2
29,4,2,14,176,154,6,paper clip,13,visualRecollection,noise,Not Studied,go,present,\ENTER,4,NaN,NaN,,,NaN,,11,1,2,0,0,68255c2,1622283041,0.2
29,4,2,14,176,154,6,paper clip,13,visualRecollection,study,Not Studied,go,present,f,NaN,NaN,NaN,,,NaN,,2,0,1,0,0,68255c2,1622283041,0.2
29,4,2,14,176,154,6,paper clip,13,visualRecollection,study,Not Studied,go,present,f,NaN,NaN,NaN,,,NaN,,2,0,2,0,0,68255c2,1622283041,0.2
29,4,2,14,69,30,7,umbrella,8,visualRecollection,name,CFS,go,absent,NA,30,NaN,NaN,,,NaN,,3,0,1,0,0,68255c2,1622283041,0.2
29,4,2,14,69,30,7,umbrella,8,visualRecollection,noise,CFS,go,absent,\ENTER,4,NaN,NaN,,,NaN,,9,1,1,0,0,68255c2,1622283041,0.2
29,4,2,14,69,30,7,umbrella,8,visualRecollection,noise,CFS,go,absent,\ENTER,4,NaN,NaN,,,NaN,,9,1,2,0,0,68255c2,1622283041,0.2
29,4,2,14,69,30,7,umbrella,8,visualRecollection,study,CFS,go,absent,j,NaN,NaN,NaN,,,NaN,,10,0.6,1,0,0,68255c2,1622283041,0.2
29,4,2,14,69,30,7,umbrella,8,visualRecollection,study,CFS,go,absent,j,NaN,NaN,NaN,,,NaN,,10,0.6,2,0,0,68255c2,1622283041,0.2
29,4,2,14,79,59,8,glasses,2,visualRecollection,name,CFS,go,present,NA,30,NaN,NaN,,,NaN,,1,1,1,0,0,68255c2,1622283041,0.2
29,4,2,14,79,59,8,glasses,2,visualRecollection,noise,CFS,go,present,\ENTER,4,NaN,NaN,,,NaN,,3,1,1,0,0,68255c2,1622283041,0.2
29,4,2,14,79,59,8,glasses,2,visualRecollection,noise,CFS,go,present,\ENTER,4,NaN,NaN,,,NaN,,3,1,2,0,0,68255c2,1622283041,0.2
29,4,2,14,79,59,8,glasses,2,visualRecollection,study,CFS,go,present,j,NaN,NaN,NaN,,,NaN,,11,0.6,1,0,0,68255c2,1622283041,0.2
29,4,2,14,79,59,8,glasses,2,visualRecollection,study,CFS,go,present,j,NaN,NaN,NaN,,,NaN,,11,0.6,2,0,0,68255c2,1622283041,0.2
29,4,2,14,123,62,9,helmet,9,visualRecollection,name,CFS,nogo,absent,NA,30,NaN,NaN,,,NaN,,8,0,1,0,0,68255c2,1622283041,0.2
29,4,2,14,123,62,9,helmet,9,visualRecollection,noise,CFS,nogo,absent,z,4,NaN,NaN,,,NaN,,8,0,1,0,0,68255c2,1622283041,0.2
29,4,2,14,123,62,9,helmet,9,visualRecollection,noise,CFS,nogo,absent,z,4,NaN,NaN,,,NaN,,8,0,2,0,0,68255c2,1622283041,0.2
29,4,2,14,123,62,9,helmet,9,visualRecollection,study,CFS,nogo,absent,j,NaN,NaN,NaN,,,NaN,,1,0.6,1,0,0,68255c2,1622283041,0.2
29,4,2,14,123,62,9,helmet,9,visualRecollection,study,CFS,nogo,absent,j,NaN,NaN,NaN,,,NaN,,1,0.6,2,0,0,68255c2,1622283041,0.2
29,4,2,14,124,100,10,magnifying glass,14,visualRecollection,name,Not Studied,nogo,present,NA,30,NaN,NaN,,,NaN,,1,1,1,0,0,68255c2,1622283041,0.2
29,4,2,14,124,100,10,magnifying glass,14,visualRecollection,noise,Not Studied,nogo,present,z,4,NaN,NaN,,,NaN,,7,0,1,0,0,68255c2,1622283041,0.2
29,4,2,14,124,100,10,magnifying glass,14,visualRecollection,noise,Not Studied,nogo,present,z,4,NaN,NaN,,,NaN,,7,0,2,0,0,68255c2,1622283041,0.2
29,4,2,14,124,100,10,magnifying glass,14,visualRecollection,study,Not Studied,nogo,present,f,NaN,NaN,NaN,,,NaN,,7,0,1,0,0,68255c2,1622283041,0.2
29,4,2,14,124,100,10,magnifying glass,14,visualRecollection,study,Not Studied,nogo,present,f,NaN,NaN,NaN,,,NaN,,7,0,2,0,0,68255c2,1622283041,0.2
29,4,2,14,174,131,11,paint tray,17,visualRecollection,name,Not Studied,go,absent,NA,30,NaN,NaN,,,NaN,,2,0,1,0,0,68255c2,1622283041,0.2
29,4,2,14,174,131,11,paint tray,17,visualRecollection,noise,Not Studied,go,absent,\ENTER,4,NaN,NaN,,,NaN,,10,1,1,0,0,68255c2,1622283041,0.2
29,4,2,14,174,131,11,paint tray,17,visualRecollection,noise,Not Studied,go,absent,\ENTER,4,NaN,NaN,,,NaN,,10,1,2,0,0,68255c2,1622283041,0.2
29,4,2,14,174,131,11,paint tray,17,visualRecollection,study,Not Studied,go,absent,f,NaN,NaN,NaN,,,NaN,,10,0,1,0,0,68255c2,1622283041,0.2
29,4,2,14,174,131,11,paint tray,17,visualRecollection,study,Not Studied,go,absent,f,NaN,NaN,NaN,,,NaN,,10,0,2,0,0,68255c2,1622283041,0.2
29,4,2,14,90,57,12,speakers,15,visualRecollection,name,Not Studied,go,absent,NA,30,NaN,NaN,,,NaN,,10,0,1,0,0,68255c2,1622283041,0.2
29,4,2,14,90,57,12,speakers,15,visualRecollection,noise,Not Studied,go,absent,\ENTER,4,NaN,NaN,,,NaN,,11,1,1,0,0,68255c2,1622283041,0.2
29,4,2,14,90,57,12,speakers,15,visualRecollection,noise,Not Studied,go,absent,\ENTER,4,NaN,NaN,,,NaN,,11,1,2,0,0,68255c2,1622283041,0.2
29,4,2,14,90,57,12,speakers,15,visualRecollection,study,Not Studied,go,absent,f,NaN,NaN,NaN,,,NaN,,5,0,1,0,0,68255c2,1622283041,0.2
29,4,2,14,90,57,12,speakers,15,visualRecollection,study,Not Studied,go,absent,f,NaN,NaN,NaN,,,NaN,,5,0,2,0,0,68255c2,1622283041,0.2
29,4,2,14,68,73,13,vase,4,visualRecollection,name,CFS,go,present,NA,30,NaN,NaN,,,NaN,,3,1,1,0,0,68255c2,1622283041,0.2
29,4,2,14,68,73,13,vase,4,visualRecollection,noise,CFS,go,present,\ENTER,4,NaN,NaN,,,NaN,,5,1,1,0,0,68255c2,1622283041,0.2
29,4,2,14,68,73,13,vase,4,visualRecollection,noise,CFS,go,present,\ENTER,4,NaN,NaN,,,NaN,,5,1,2,0,0,68255c2,1622283041,0.2
29,4,2,14,68,73,13,vase,4,visualRecollection,study,CFS,go,present,j,NaN,NaN,NaN,,,NaN,,11,0.6,1,0,0,68255c2,1622283041,0.2
29,4,2,14,68,73,13,vase,4,visualRecollection,study,CFS,go,present,j,NaN,NaN,NaN,,,NaN,,11,0.6,2,0,0,68255c2,1622283041,0.2
29,4,2,14,95,66,14,shoe,16,visualRecollection,name,Not Studied,go,absent,NA,30,NaN,NaN,,,NaN,,10,0,1,0,0,68255c2,1622283041,0.2
29,4,2,14,95,66,14,shoe,16,visualRecollection,noise,Not Studied,go,absent,\ENTER,4,NaN,NaN,,,NaN,,6,1,1,0,0,68255c2,1622283041,0.2
29,4,2,14,95,66,14,shoe,16,visualRecollection,noise,Not Studied,go,absent,\ENTER,4,NaN,NaN,,,NaN,,6,1,2,0,0,68255c2,1622283041,0.2
29,4,2,14,95,66,14,shoe,16,visualRecollection,study,Not Studied,go,absent,f,NaN,NaN,NaN,,,NaN,,9,0,1,0,0,68255c2,1622283041,0.2
29,4,2,14,95,66,14,shoe,16,visualRecollection,study,Not Studied,go,absent,f,NaN,NaN,NaN,,,NaN,,9,0,2,0,0,68255c2,1622283041,0.2
29,4,2,14,96,81,15,truck,10,visualRecollection,name,Not Studied,name,present,NA,30,NaN,NaN,,,NaN,,6,1,1,0,0,68255c2,1622283041,0.2
29,4,2,14,96,81,15,truck,10,visualRecollection,name,Not Studied,name,present,NA,30,NaN,NaN,,,NaN,,6,1,2,0,0,68255c2,1622283041,0.2
29,4,2,14,96,81,15,truck,10,visualRecollection,noise,Not Studied,name,present,NA,4,NaN,NaN,,,NaN,,4,1,1,0,0,68255c2,1622283041,0.2
29,4,2,14,96,81,15,truck,10,visualRecollection,study,Not Studied,name,present,f,NaN,NaN,NaN,,,NaN,,3,0,1,0,0,68255c2,1622283041,0.2
29,4,2,14,96,81,15,truck,10,visualRecollection,study,Not Studied,name,present,f,NaN,NaN,NaN,,,NaN,,3,0,2,0,0,68255c2,1622283041,0.2
29,4,2,14,37,112,16,comb,11,visualRecollection,name,Not Studied,go,present,NA,30,NaN,NaN,,,NaN,,4,1,1,0,0,68255c2,1622283041,0.2
29,4,2,14,37,112,16,comb,11,visualRecollection,noise,Not Studied,go,present,\ENTER,4,NaN,NaN,,,NaN,,2,1,1,0,0,68255c2,1622283041,0.2
29,4,2,14,37,112,16,comb,11,visualRecollection,noise,Not Studied,go,present,\ENTER,4,NaN,NaN,,,NaN,,2,1,2,0,0,68255c2,1622283041,0.2
29,4,2,14,37,112,16,comb,11,visualRecollection,study,Not Studied,go,present,f,NaN,NaN,NaN,,,NaN,,5,0,1,0,0,68255c2,1622283041,0.2
29,4,2,14,37,112,16,comb,11,visualRecollection,study,Not Studied,go,present,f,NaN,NaN,NaN,,,NaN,,5,0,2,0,0,68255c2,1622283041,0.2
29,4,2,14,126,167,17,stove,12,visualRecollection,name,Not Studied,go,present,NA,30,NaN,NaN,,,NaN,,1,1,1,0,0,68255c2,1622283041,0.2
29,4,2,14,126,167,17,stove,12,visualRecollection,noise,Not Studied,go,present,\ENTER,4,NaN,NaN,,,NaN,,2,1,1,0,0,68255c2,1622283041,0.2
29,4,2,14,126,167,17,stove,12,visualRecollection,noise,Not Studied,go,present,\ENTER,4,NaN,NaN,,,NaN,,2,1,2,0,0,68255c2,1622283041,0.2
29,4,2,14,126,167,17,stove,12,visualRecollection,study,Not Studied,go,present,f,NaN,NaN,NaN,,,NaN,,11,0,1,0,0,68255c2,1622283041,0.2
29,4,2,14,126,167,17,stove,12,visualRecollection,study,Not Studied,go,present,f,NaN,NaN,NaN,,,NaN,,11,0,2,0,0,68255c2,1622283041,0.2
29,5,2,14,167,126,1,nail clippers,16,visualRecollection,name,Not Studied,go,absent,NA,30,NaN,NaN,,,NaN,,1,0,1,0,0,68255c2,1622283041,0.2
29,5,2,14,167,126,1,nail clippers,16,visualRecollection,noise,Not Studied,go,absent,\ENTER,4,NaN,NaN,,,NaN,,8,1,1,0,0,68255c2,1622283041,0.2
29,5,2,14,167,126,1,nail clippers,16,visualRecollection,noise,Not Studied,go,absent,\ENTER,4,NaN,NaN,,,NaN,,8,1,2,0,0,68255c2,1622283041,0.2
29,5,2,14,167,126,1,nail clippers,16,visualRecollection,study,Not Studied,go,absent,f,NaN,NaN,NaN,,,NaN,,9,0,1,0,0,68255c2,1622283041,0.2
29,5,2,14,167,126,1,nail clippers,16,visualRecollection,study,Not Studied,go,absent,f,NaN,NaN,NaN,,,NaN,,9,0,2,0,0,68255c2,1622283041,0.2
29,5,2,14,143,128,2,high heel,9,visualRecollection,name,CFS,nogo,absent,NA,30,NaN,NaN,,,NaN,,5,0,1,0,0,68255c2,1622283041,0.2
29,5,2,14,143,128,2,high heel,9,visualRecollection,noise,CFS,nogo,absent,z,4,NaN,NaN,,,NaN,,7,0,1,0,0,68255c2,1622283041,0.2
29,5,2,14,143,128,2,high heel,9,visualRecollection,noise,CFS,nogo,absent,z,4,NaN,NaN,,,NaN,,7,0,2,0,0,68255c2,1622283041,0.2
29,5,2,14,143,128,2,high heel,9,visualRecollection,study,CFS,nogo,absent,j,NaN,NaN,NaN,,,NaN,,6,0.6,1,0,0,68255c2,1622283041,0.2
29,5,2,14,143,128,2,high heel,9,visualRecollection,study,CFS,nogo,absent,j,NaN,NaN,NaN,,,NaN,,6,0.6,2,0,0,68255c2,1622283041,0.2
29,5,2,14,194,197,3,pliers,7,visualRecollection,name,CFS,go,absent,NA,30,NaN,NaN,,,NaN,,9,0,1,0,0,68255c2,1622283041,0.2
29,5,2,14,194,197,3,pliers,7,visualRecollection,noise,CFS,go,absent,\ENTER,4,NaN,NaN,,,NaN,,5,1,1,0,0,68255c2,1622283041,0.2
29,5,2,14,194,197,3,pliers,7,visualRecollection,noise,CFS,go,absent,\ENTER,4,NaN,NaN,,,NaN,,5,1,2,0,0,68255c2,1622283041,0.2
29,5,2,14,194,197,3,pliers,7,visualRecollection,study,CFS,go,absent,j,NaN,NaN,NaN,,,NaN,,11,0.6,1,0,0,68255c2,1622283041,0.2
29,5,2,14,194,197,3,pliers,7,visualRecollection,study,CFS,go,absent,j,NaN,NaN,NaN,,,NaN,,11,0.6,2,0,0,68255c2,1622283041,0.2
29,5,2,14,179,177,4,athletic tape,8,visualRecollection,name,CFS,go,absent,NA,30,NaN,NaN,,,NaN,,7,0,1,0,0,68255c2,1622283041,0.2
29,5,2,14,179,177,4,athletic tape,8,visualRecollection,noise,CFS,go,absent,\ENTER,4,NaN,NaN,,,NaN,,9,1,1,0,0,68255c2,1622283041,0.2
29,5,2,14,179,177,4,athletic tape,8,visualRecollection,noise,CFS,go,absent,\ENTER,4,NaN,NaN,,,NaN,,9,1,2,0,0,68255c2,1622283041,0.2
29,5,2,14,179,177,4,athletic tape,8,visualRecollection,study,CFS,go,absent,j,NaN,NaN,NaN,,,NaN,,3,0.6,1,0,0,68255c2,1622283041,0.2
29,5,2,14,179,177,4,athletic tape,8,visualRecollection,study,CFS,go,absent,j,NaN,NaN,NaN,,,NaN,,3,0.6,2,0,0,68255c2,1622283041,0.2
29,5,2,14,3,6,5,balloon,3,visualRecollection,name,CFS,go,present,NA,30,NaN,NaN,,,NaN,,3,1,1,0,0,68255c2,1622283041,0.2
29,5,2,14,3,6,5,balloon,3,visualRecollection,noise,CFS,go,present,\ENTER,4,NaN,NaN,,,NaN,,6,1,1,0,0,68255c2,1622283041,0.2
29,5,2,14,3,6,5,balloon,3,visualRecollection,noise,CFS,go,present,\ENTER,4,NaN,NaN,,,NaN,,6,1,2,0,0,68255c2,1622283041,0.2
29,5,2,14,3,6,5,balloon,3,visualRecollection,study,CFS,go,present,j,NaN,NaN,NaN,,,NaN,,8,0.6,1,0,0,68255c2,1622283041,0.2
29,5,2,14,3,6,5,balloon,3,visualRecollection,study,CFS,go,present,j,NaN,NaN,NaN,,,NaN,,8,0.6,2,0,0,68255c2,1622283041,0.2
29,5,2,14,103,11,6,rug,4,visualRecollection,name,CFS,go,present,NA,30,NaN,NaN,,,NaN,,11,1,1,0,0,68255c2,1622283041,0.2
29,5,2,14,103,11,6,rug,4,visualRecollection,noise,CFS,go,present,\ENTER,4,NaN,NaN,,,NaN,,3,1,1,0,0,68255c2,1622283041,0.2
29,5,2,14,103,11,6,rug,4,visualRecollection,noise,CFS,go,present,\ENTER,4,NaN,NaN,,,NaN,,3,1,2,0,0,68255c2,1622283041,0.2
29,5,2,14,103,11,6,rug,4,visualRecollection,study,CFS,go,present,j,NaN,NaN,NaN,,,NaN,,8,0.6,1,0,0,68255c2,1622283041,0.2
29,5,2,14,103,11,6,rug,4,visualRecollection,study,CFS,go,present,j,NaN,NaN,NaN,,,NaN,,8,0.6,2,0,0,68255c2,1622283041,0.2
29,5,2,14,119,7,7,pill,2,visualRecollection,name,CFS,go,present,NA,30,NaN,NaN,,,NaN,,10,1,1,0,0,68255c2,1622283041,0.2
29,5,2,14,119,7,7,pill,2,visualRecollection,noise,CFS,go,present,\ENTER,4,NaN,NaN,,,NaN,,7,1,1,0,0,68255c2,1622283041,0.2
29,5,2,14,119,7,7,pill,2,visualRecollection,noise,CFS,go,present,\ENTER,4,NaN,NaN,,,NaN,,7,1,2,0,0,68255c2,1622283041,0.2
29,5,2,14,119,7,7,pill,2,visualRecollection,study,CFS,go,present,j,NaN,NaN,NaN,,,NaN,,6,0.6,1,0,0,68255c2,1622283041,0.2
29,5,2,14,119,7,7,pill,2,visualRecollection,study,CFS,go,present,j,NaN,NaN,NaN,,,NaN,,6,0.6,2,0,0,68255c2,1622283041,0.2
29,5,2,14,198,193,8,chest,17,visualRecollection,name,Not Studied,go,absent,NA,30,NaN,NaN,,,NaN,,1,0,1,0,0,68255c2,1622283041,0.2
29,5,2,14,198,193,8,chest,17,visualRecollection,noise,Not Studied,go,absent,\ENTER,4,NaN,NaN,,,NaN,,8,1,1,0,0,68255c2,1622283041,0.2
29,5,2,14,198,193,8,chest,17,visualRecollection,noise,Not Studied,go,absent,\ENTER,4,NaN,NaN,,,NaN,,8,1,2,0,0,68255c2,1622283041,0.2
29,5,2,14,198,193,8,chest,17,visualRecollection,study,Not Studied,go,absent,f,NaN,NaN,NaN,,,NaN,,6,0,1,0,0,68255c2,1622283041,0.2
29,5,2,14,198,193,8,chest,17,visualRecollection,study,Not Studied,go,absent,f,NaN,NaN,NaN,,,NaN,,6,0,2,0,0,68255c2,1622283041,0.2
29,5,2,14,170,172,9,notebook,13,visualRecollection,name,Not Studied,go,present,NA,30,NaN,NaN,,,NaN,,8,1,1,0,0,68255c2,1622283041,0.2
29,5,2,14,170,172,9,notebook,13,visualRecollection,noise,Not Studied,go,present,\ENTER,4,NaN,NaN,,,NaN,,4,1,1,0,0,68255c2,1622283041,0.2
29,5,2,14,170,172,9,notebook,13,visualRecollection,noise,Not Studied,go,present,\ENTER,4,NaN,NaN,,,NaN,,4,1,2,0,0,68255c2,1622283041,0.2
29,5,2,14,170,172,9,notebook,13,visualRecollection,study,Not Studied,go,present,f,NaN,NaN,NaN,,,NaN,,5,0,1,0,0,68255c2,1622283041,0.2
29,5,2,14,170,172,9,notebook,13,visualRecollection,study,Not Studied,go,present,f,NaN,NaN,NaN,,,NaN,,5,0,2,0,0,68255c2,1622283041,0.2
29,5,2,14,6,3,10,tub,5,visualRecollection,name,CFS,nogo,present,NA,30,NaN,NaN,,,NaN,,11,1,1,0,0,68255c2,1622283041,0.2
29,5,2,14,6,3,10,tub,5,visualRecollection,noise,CFS,nogo,present,z,4,NaN,NaN,,,NaN,,6,0,1,0,0,68255c2,1622283041,0.2
29,5,2,14,6,3,10,tub,5,visualRecollection,noise,CFS,nogo,present,z,4,NaN,NaN,,,NaN,,6,0,2,0,0,68255c2,1622283041,0.2
29,5,2,14,6,3,10,tub,5,visualRecollection,study,CFS,nogo,present,j,NaN,NaN,NaN,,,NaN,,3,0.6,1,0,0,68255c2,1622283041,0.2
29,5,2,14,6,3,10,tub,5,visualRecollection,study,CFS,nogo,present,j,NaN,NaN,NaN,,,NaN,,3,0.6,2,0,0,68255c2,1622283041,0.2
29,5,2,14,135,117,11,earring,12,visualRecollection,name,Not Studied,go,present,NA,30,NaN,NaN,,,NaN,,11,1,1,0,0,68255c2,1622283041,0.2
29,5,2,14,135,117,11,earring,12,visualRecollection,noise,Not Studied,go,present,\ENTER,4,NaN,NaN,,,NaN,,3,1,1,0,0,68255c2,1622283041,0.2
29,5,2,14,135,117,11,earring,12,visualRecollection,noise,Not Studied,go,present,\ENTER,4,NaN,NaN,,,NaN,,3,1,2,0,0,68255c2,1622283041,0.2
29,5,2,14,135,117,11,earring,12,visualRecollection,study,Not Studied,go,present,f,NaN,NaN,NaN,,,NaN,,11,0,1,0,0,68255c2,1622283041,0.2
29,5,2,14,135,117,11,earring,12,visualRecollection,study,Not Studied,go,present,f,NaN,NaN,NaN,,,NaN,,11,0,2,0,0,68255c2,1622283041,0.2
29,5,2,14,162,159,12,egg beater,6,visualRecollection,name,CFS,go,absent,NA,30,NaN,NaN,,,NaN,,11,0,1,0,0,68255c2,1622283041,0.2
29,5,2,14,162,159,12,egg beater,6,visualRecollection,noise,CFS,go,absent,\ENTER,4,NaN,NaN,,,NaN,,9,1,1,0,0,68255c2,1622283041,0.2
29,5,2,14,162,159,12,egg beater,6,visualRecollection,noise,CFS,go,absent,\ENTER,4,NaN,NaN,,,NaN,,9,1,2,0,0,68255c2,1622283041,0.2
29,5,2,14,162,159,12,egg beater,6,visualRecollection,study,CFS,go,absent,j,NaN,NaN,NaN,,,NaN,,10,0.6,1,0,0,68255c2,1622283041,0.2
29,5,2,14,162,159,12,egg beater,6,visualRecollection,study,CFS,go,absent,j,NaN,NaN,NaN,,,NaN,,10,0.6,2,0,0,68255c2,1622283041,0.2
29,5,2,14,141,155,13,purse,11,visualRecollection,name,Not Studied,go,present,NA,30,NaN,NaN,,,NaN,,8,1,1,0,0,68255c2,1622283041,0.2
29,5,2,14,141,155,13,purse,11,visualRecollection,noise,Not Studied,go,present,\ENTER,4,NaN,NaN,,,NaN,,5,1,1,0,0,68255c2,1622283041,0.2
29,5,2,14,141,155,13,purse,11,visualRecollection,noise,Not Studied,go,present,\ENTER,4,NaN,NaN,,,NaN,,5,1,2,0,0,68255c2,1622283041,0.2
29,5,2,14,141,155,13,purse,11,visualRecollection,study,Not Studied,go,present,f,NaN,NaN,NaN,,,NaN,,11,0,1,0,0,68255c2,1622283041,0.2
29,5,2,14,141,155,13,purse,11,visualRecollection,study,Not Studied,go,present,f,NaN,NaN,NaN,,,NaN,,11,0,2,0,0,68255c2,1622283041,0.2
29,5,2,14,78,98,14,sweater,10,visualRecollection,name,Not Studied,name,present,NA,30,NaN,NaN,,,NaN,,8,1,1,0,0,68255c2,1622283041,0.2
29,5,2,14,78,98,14,sweater,10,visualRecollection,name,Not Studied,name,present,NA,30,NaN,NaN,,,NaN,,8,1,2,0,0,68255c2,1622283041,0.2
29,5,2,14,78,98,14,sweater,10,visualRecollection,noise,Not Studied,name,present,NA,4,NaN,NaN,,,NaN,,1,1,1,0,0,68255c2,1622283041,0.2
29,5,2,14,78,98,14,sweater,10,visualRecollection,study,Not Studied,name,present,f,NaN,NaN,NaN,,,NaN,,11,0,1,0,0,68255c2,1622283041,0.2
29,5,2,14,78,98,14,sweater,10,visualRecollection,study,Not Studied,name,present,f,NaN,NaN,NaN,,,NaN,,11,0,2,0,0,68255c2,1622283041,0.2
29,5,2,14,98,78,15,scarf,1,visualRecollection,name,CFS,name,present,NA,30,NaN,NaN,,,NaN,,4,1,1,0,0,68255c2,1622283041,0.2
29,5,2,14,98,78,15,scarf,1,visualRecollection,name,CFS,name,present,NA,30,NaN,NaN,,,NaN,,4,1,2,0,0,68255c2,1622283041,0.2
29,5,2,14,98,78,15,scarf,1,visualRecollection,noise,CFS,name,present,NA,4,NaN,NaN,,,NaN,,6,1,1,0,0,68255c2,1622283041,0.2
29,5,2,14,98,78,15,scarf,1,visualRecollection,study,CFS,name,present,j,NaN,NaN,NaN,,,NaN,,6,0.6,1,0,0,68255c2,1622283041,0.2
29,5,2,14,98,78,15,scarf,1,visualRecollection,study,CFS,name,present,j,NaN,NaN,NaN,,,NaN,,6,0.6,2,0,0,68255c2,1622283041,0.2
29,5,2,14,61,121,16,glass,15,visualRecollection,name,Not Studied,go,absent,NA,30,NaN,NaN,,,NaN,,10,0,1,0,0,68255c2,1622283041,0.2
29,5,2,14,61,121,16,glass,15,visualRecollection,noise,Not Studied,go,absent,\ENTER,4,NaN,NaN,,,NaN,,8,1,1,0,0,68255c2,1622283041,0.2
29,5,2,14,61,121,16,glass,15,visualRecollection,noise,Not Studied,go,absent,\ENTER,4,NaN,NaN,,,NaN,,8,1,2,0,0,68255c2,1622283041,0.2
29,5,2,14,61,121,16,glass,15,visualRecollection,study,Not Studied,go,absent,f,NaN,NaN,NaN,,,NaN,,8,0,1,0,0,68255c2,1622283041,0.2
29,5,2,14,61,121,16,glass,15,visualRecollection,study,Not Studied,go,absent,f,NaN,NaN,NaN,,,NaN,,8,0,2,0,0,68255c2,1622283041,0.2
29,5,2,14,64,107,17,watch,14,visualRecollection,name,Not Studied,nogo,present,NA,30,NaN,NaN,,,NaN,,8,1,1,0,0,68255c2,1622283041,0.2
29,5,2,14,64,107,17,watch,14,visualRecollection,noise,Not Studied,nogo,present,z,4,NaN,NaN,,,NaN,,11,0,1,0,0,68255c2,1622283041,0.2
29,5,2,14,64,107,17,watch,14,visualRecollection,noise,Not Studied,nogo,present,z,4,NaN,NaN,,,NaN,,11,0,2,0,0,68255c2,1622283041,0.2
29,5,2,14,64,107,17,watch,14,visualRecollection,study,Not Studied,nogo,present,f,NaN,NaN,NaN,,,NaN,,1,0,1,0,0,68255c2,1622283041,0.2
29,5,2,14,64,107,17,watch,14,visualRecollection,study,Not Studied,nogo,present,f,NaN,NaN,NaN,,,NaN,,1,0,2,0,0,68255c2,1622283041,0.2
29,6,2,14,44,43,1,crib,17,visualRecollection,name,Not Studied,go,absent,NA,30,NaN,NaN,,,NaN,,5,0,1,0,0,68255c2,1622283041,0.2
29,6,2,14,44,43,1,crib,17,visualRecollection,noise,Not Studied,go,absent,\ENTER,4,NaN,NaN,,,NaN,,10,1,1,0,0,68255c2,1622283041,0.2
29,6,2,14,44,43,1,crib,17,visualRecollection,noise,Not Studied,go,absent,\ENTER,4,NaN,NaN,,,NaN,,10,1,2,0,0,68255c2,1622283041,0.2
29,6,2,14,44,43,1,crib,17,visualRecollection,study,Not Studied,go,absent,f,NaN,NaN,NaN,,,NaN,,3,0,1,0,0,68255c2,1622283041,0.2
29,6,2,14,44,43,1,crib,17,visualRecollection,study,Not Studied,go,absent,f,NaN,NaN,NaN,,,NaN,,3,0,2,0,0,68255c2,1622283041,0.2
29,6,2,14,184,181,2,mailbox,16,visualRecollection,name,Not Studied,go,absent,NA,30,NaN,NaN,,,NaN,,5,0,1,0,0,68255c2,1622283041,0.2
29,6,2,14,184,181,2,mailbox,16,visualRecollection,noise,Not Studied,go,absent,\ENTER,4,NaN,NaN,,,NaN,,8,1,1,0,0,68255c2,1622283041,0.2
29,6,2,14,184,181,2,mailbox,16,visualRecollection,noise,Not Studied,go,absent,\ENTER,4,NaN,NaN,,,NaN,,8,1,2,0,0,68255c2,1622283041,0.2
29,6,2,14,184,181,2,mailbox,16,visualRecollection,study,Not Studied,go,absent,f,NaN,NaN,NaN,,,NaN,,2,0,1,0,0,68255c2,1622283041,0.2
29,6,2,14,184,181,2,mailbox,16,visualRecollection,study,Not Studied,go,absent,f,NaN,NaN,NaN,,,NaN,,2,0,2,0,0,68255c2,1622283041,0.2
29,6,2,14,72,89,3,blanket,6,visualRecollection,name,CFS,go,absent,NA,30,NaN,NaN,,,NaN,,1,0,1,0,0,68255c2,1622283041,0.2
29,6,2,14,72,89,3,blanket,6,visualRecollection,noise,CFS,go,absent,\ENTER,4,NaN,NaN,,,NaN,,3,1,1,0,0,68255c2,1622283041,0.2
29,6,2,14,72,89,3,blanket,6,visualRecollection,noise,CFS,go,absent,\ENTER,4,NaN,NaN,,,NaN,,3,1,2,0,0,68255c2,1622283041,0.2
29,6,2,14,72,89,3,blanket,6,visualRecollection,study,CFS,go,absent,j,NaN,NaN,NaN,,,NaN,,5,0.6,1,0,0,68255c2,1622283041,0.2
29,6,2,14,72,89,3,blanket,6,visualRecollection,study,CFS,go,absent,j,NaN,NaN,NaN,,,NaN,,5,0.6,2,0,0,68255c2,1622283041,0.2
29,6,2,14,151,97,4,key,7,visualRecollection,name,CFS,go,absent,NA,30,NaN,NaN,,,NaN,,6,0,1,0,0,68255c2,1622283041,0.2
29,6,2,14,151,97,4,key,7,visualRecollection,noise,CFS,go,absent,\ENTER,4,NaN,NaN,,,NaN,,10,1,1,0,0,68255c2,1622283041,0.2
29,6,2,14,151,97,4,key,7,visualRecollection,noise,CFS,go,absent,\ENTER,4,NaN,NaN,,,NaN,,10,1,2,0,0,68255c2,1622283041,0.2
29,6,2,14,151,97,4,key,7,visualRecollection,study,CFS,go,absent,j,NaN,NaN,NaN,,,NaN,,1,0.6,1,0,0,68255c2,1622283041,0.2
29,6,2,14,151,97,4,key,7,visualRecollection,study,CFS,go,absent,j,NaN,NaN,NaN,,,NaN,,1,0.6,2,0,0,68255c2,1622283041,0.2
29,6,2,14,19,189,5,necklace,12,visualRecollection,name,Not Studied,go,present,NA,30,NaN,NaN,,,NaN,,5,1,1,0,0,68255c2,1622283041,0.2
29,6,2,14,19,189,5,necklace,12,visualRecollection,noise,Not Studied,go,present,\ENTER,4,NaN,NaN,,,NaN,,9,1,1,0,0,68255c2,1622283041,0.2
29,6,2,14,19,189,5,necklace,12,visualRecollection,noise,Not Studied,go,present,\ENTER,4,NaN,NaN,,,NaN,,9,1,2,0,0,68255c2,1622283041,0.2
29,6,2,14,19,189,5,necklace,12,visualRecollection,study,Not Studied,go,present,f,NaN,NaN,NaN,,,NaN,,2,0,1,0,0,68255c2,1622283041,0.2
29,6,2,14,19,189,5,necklace,12,visualRecollection,study,Not Studied,go,present,f,NaN,NaN,NaN,,,NaN,,2,0,2,0,0,68255c2,1622283041,0.2
29,6,2,14,50,80,6,dresser,11,visualRecollection,name,Not Studied,go,present,NA,30,NaN,NaN,,,NaN,,3,1,1,0,0,68255c2,1622283041,0.2
29,6,2,14,50,80,6,dresser,11,visualRecollection,noise,Not Studied,go,present,\ENTER,4,NaN,NaN,,,NaN,,9,1,1,0,0,68255c2,1622283041,0.2
29,6,2,14,50,80,6,dresser,11,visualRecollection,noise,Not Studied,go,present,\ENTER,4,NaN,NaN,,,NaN,,9,1,2,0,0,68255c2,1622283041,0.2
29,6,2,14,50,80,6,dresser,11,visualRecollection,study,Not Studied,go,present,f,NaN,NaN,NaN,,,NaN,,2,0,1,0,0,68255c2,1622283041,0.2
29,6,2,14,50,80,6,dresser,11,visualRecollection,study,Not Studied,go,present,f,NaN,NaN,NaN,,,NaN,,2,0,2,0,0,68255c2,1622283041,0.2
29,6,2,14,62,123,7,watering pot,14,visualRecollection,name,Not Studied,nogo,present,NA,30,NaN,NaN,,,NaN,,1,1,1,0,0,68255c2,1622283041,0.2
29,6,2,14,62,123,7,watering pot,14,visualRecollection,noise,Not Studied,nogo,present,z,4,NaN,NaN,,,NaN,,3,0,1,0,0,68255c2,1622283041,0.2
29,6,2,14,62,123,7,watering pot,14,visualRecollection,noise,Not Studied,nogo,present,z,4,NaN,NaN,,,NaN,,3,0,2,0,0,68255c2,1622283041,0.2
29,6,2,14,62,123,7,watering pot,14,visualRecollection,study,Not Studied,nogo,present,f,NaN,NaN,NaN,,,NaN,,8,0,1,0,0,68255c2,1622283041,0.2
29,6,2,14,62,123,7,watering pot,14,visualRecollection,study,Not Studied,nogo,present,f,NaN,NaN,NaN,,,NaN,,8,0,2,0,0,68255c2,1622283041,0.2
29,6,2,14,200,196,8,tape,1,visualRecollection,name,CFS,name,present,NA,30,NaN,NaN,,,NaN,,7,1,1,0,0,68255c2,1622283041,0.2
29,6,2,14,200,196,8,tape,1,visualRecollection,name,CFS,name,present,NA,30,NaN,NaN,,,NaN,,7,1,2,0,0,68255c2,1622283041,0.2
29,6,2,14,200,196,8,tape,1,visualRecollection,noise,CFS,name,present,NA,4,NaN,NaN,,,NaN,,9,1,1,0,0,68255c2,1622283041,0.2
29,6,2,14,200,196,8,tape,1,visualRecollection,study,CFS,name,present,j,NaN,NaN,NaN,,,NaN,,8,0.6,1,0,0,68255c2,1622283041,0.2
29,6,2,14,200,196,8,tape,1,visualRecollection,study,CFS,name,present,j,NaN,NaN,NaN,,,NaN,,8,0.6,2,0,0,68255c2,1622283041,0.2
29,6,2,14,165,45,9,mouse trap,15,visualRecollection,name,Not Studied,go,absent,NA,30,NaN,NaN,,,NaN,,8,0,1,0,0,68255c2,1622283041,0.2
29,6,2,14,165,45,9,mouse trap,15,visualRecollection,noise,Not Studied,go,absent,\ENTER,4,NaN,NaN,,,NaN,,5,1,1,0,0,68255c2,1622283041,0.2
29,6,2,14,165,45,9,mouse trap,15,visualRecollection,noise,Not Studied,go,absent,\ENTER,4,NaN,NaN,,,NaN,,5,1,2,0,0,68255c2,1622283041,0.2
29,6,2,14,165,45,9,mouse trap,15,visualRecollection,study,Not Studied,go,absent,f,NaN,NaN,NaN,,,NaN,,9,0,1,0,0,68255c2,1622283041,0.2
29,6,2,14,165,45,9,mouse trap,15,visualRecollection,study,Not Studied,go,absent,f,NaN,NaN,NaN,,,NaN,,9,0,2,0,0,68255c2,1622283041,0.2
29,6,2,14,144,140,10,marker,2,visualRecollection,name,CFS,go,present,NA,30,NaN,NaN,,,NaN,,1,1,1,0,0,68255c2,1622283041,0.2
29,6,2,14,144,140,10,marker,2,visualRecollection,noise,CFS,go,present,\ENTER,4,NaN,NaN,,,NaN,,8,1,1,0,0,68255c2,1622283041,0.2
29,6,2,14,144,140,10,marker,2,visualRecollection,noise,CFS,go,present,\ENTER,4,NaN,NaN,,,NaN,,8,1,2,0,0,68255c2,1622283041,0.2
29,6,2,14,144,140,10,marker,2,visualRecollection,study,CFS,go,present,j,NaN,NaN,NaN,,,NaN,,2,0.6,1,0,0,68255c2,1622283041,0.2
29,6,2,14,144,140,10,marker,2,visualRecollection,study,CFS,go,present,j,NaN,NaN,NaN,,,NaN,,2,0.6,2,0,0,68255c2,1622283041,0.2
29,6,2,14,188,186,11,vinyl,4,visualRecollection,name,CFS,go,present,NA,30,NaN,NaN,,,NaN,,10,1,1,0,0,68255c2,1622283041,0.2
29,6,2,14,188,186,11,vinyl,4,visualRecollection,noise,CFS,go,present,\ENTER,4,NaN,NaN,,,NaN,,4,1,1,0,0,68255c2,1622283041,0.2
29,6,2,14,188,186,11,vinyl,4,visualRecollection,noise,CFS,go,present,\ENTER,4,NaN,NaN,,,NaN,,4,1,2,0,0,68255c2,1622283041,0.2
29,6,2,14,188,186,11,vinyl,4,visualRecollection,study,CFS,go,present,j,NaN,NaN,NaN,,,NaN,,2,0.6,1,0,0,68255c2,1622283041,0.2
29,6,2,14,188,186,11,vinyl,4,visualRecollection,study,CFS,go,present,j,NaN,NaN,NaN,,,NaN,,2,0.6,2,0,0,68255c2,1622283041,0.2
29,6,2,14,115,118,12,pot,10,visualRecollection,name,Not Studied,name,present,NA,30,NaN,NaN,,,NaN,,11,1,1,0,0,68255c2,1622283041,0.2
29,6,2,14,115,118,12,pot,10,visualRecollection,name,Not Studied,name,present,NA,30,NaN,NaN,,,NaN,,11,1,2,0,0,68255c2,1622283041,0.2
29,6,2,14,115,118,12,pot,10,visualRecollection,noise,Not Studied,name,present,NA,4,NaN,NaN,,,NaN,,8,1,1,0,0,68255c2,1622283041,0.2
29,6,2,14,115,118,12,pot,10,visualRecollection,study,Not Studied,name,present,f,NaN,NaN,NaN,,,NaN,,8,0,1,0,0,68255c2,1622283041,0.2
29,6,2,14,115,118,12,pot,10,visualRecollection,study,Not Studied,name,present,f,NaN,NaN,NaN,,,NaN,,8,0,2,0,0,68255c2,1622283041,0.2
29,6,2,14,52,26,13,deoderant,8,visualRecollection,name,CFS,go,absent,NA,30,NaN,NaN,,,NaN,,4,0,1,0,0,68255c2,1622283041,0.2
29,6,2,14,52,26,13,deoderant,8,visualRecollection,noise,CFS,go,absent,\ENTER,4,NaN,NaN,,,NaN,,4,1,1,0,0,68255c2,1622283041,0.2
29,6,2,14,52,26,13,deoderant,8,visualRecollection,noise,CFS,go,absent,\ENTER,4,NaN,NaN,,,NaN,,4,1,2,0,0,68255c2,1622283041,0.2
29,6,2,14,52,26,13,deoderant,8,visualRecollection,study,CFS,go,absent,j,NaN,NaN,NaN,,,NaN,,11,0.6,1,0,0,68255c2,1622283041,0.2
29,6,2,14,52,26,13,deoderant,8,visualRecollection,study,CFS,go,absent,j,NaN,NaN,NaN,,,NaN,,11,0.6,2,0,0,68255c2,1622283041,0.2
29,6,2,14,131,174,14,glove,3,visualRecollection,name,CFS,go,present,NA,30,NaN,NaN,,,NaN,,6,1,1,0,0,68255c2,1622283041,0.2
29,6,2,14,131,174,14,glove,3,visualRecollection,noise,CFS,go,present,\ENTER,4,NaN,NaN,,,NaN,,10,1,1,0,0,68255c2,1622283041,0.2
29,6,2,14,131,174,14,glove,3,visualRecollection,noise,CFS,go,present,\ENTER,4,NaN,NaN,,,NaN,,10,1,2,0,0,68255c2,1622283041,0.2
29,6,2,14,131,174,14,glove,3,visualRecollection,study,CFS,go,present,j,NaN,NaN,NaN,,,NaN,,1,0.6,1,0,0,68255c2,1622283041,0.2
29,6,2,14,131,174,14,glove,3,visualRecollection,study,CFS,go,present,j,NaN,NaN,NaN,,,NaN,,1,0.6,2,0,0,68255c2,1622283041,0.2
29,6,2,14,32,122,15,chain,5,visualRecollection,name,CFS,nogo,present,NA,30,NaN,NaN,,,NaN,,9,1,1,0,0,68255c2,1622283041,0.2
29,6,2,14,32,122,15,chain,5,visualRecollection,noise,CFS,nogo,present,z,4,NaN,NaN,,,NaN,,1,0,1,0,0,68255c2,1622283041,0.2
29,6,2,14,32,122,15,chain,5,visualRecollection,noise,CFS,nogo,present,z,4,NaN,NaN,,,NaN,,1,0,2,0,0,68255c2,1622283041,0.2
29,6,2,14,32,122,15,chain,5,visualRecollection,study,CFS,nogo,present,j,NaN,NaN,NaN,,,NaN,,9,0.6,1,0,0,68255c2,1622283041,0.2
29,6,2,14,32,122,15,chain,5,visualRecollection,study,CFS,nogo,present,j,NaN,NaN,NaN,,,NaN,,9,0.6,2,0,0,68255c2,1622283041,0.2
29,6,2,14,89,72,16,sponge,9,visualRecollection,name,CFS,nogo,absent,NA,30,NaN,NaN,,,NaN,,3,0,1,0,0,68255c2,1622283041,0.2
29,6,2,14,89,72,16,sponge,9,visualRecollection,noise,CFS,nogo,absent,z,4,NaN,NaN,,,NaN,,5,0,1,0,0,68255c2,1622283041,0.2
29,6,2,14,89,72,16,sponge,9,visualRecollection,noise,CFS,nogo,absent,z,4,NaN,NaN,,,NaN,,5,0,2,0,0,68255c2,1622283041,0.2
29,6,2,14,89,72,16,sponge,9,visualRecollection,study,CFS,nogo,absent,j,NaN,NaN,NaN,,,NaN,,11,0.6,1,0,0,68255c2,1622283041,0.2
29,6,2,14,89,72,16,sponge,9,visualRecollection,study,CFS,nogo,absent,j,NaN,NaN,NaN,,,NaN,,11,0.6,2,0,0,68255c2,1622283041,0.2
29,6,2,14,33,157,17,office chair,13,visualRecollection,name,Not Studied,go,present,NA,30,NaN,NaN,,,NaN,,8,1,1,0,0,68255c2,1622283041,0.2
29,6,2,14,33,157,17,office chair,13,visualRecollection,noise,Not Studied,go,present,\ENTER,4,NaN,NaN,,,NaN,,11,1,1,0,0,68255c2,1622283041,0.2
29,6,2,14,33,157,17,office chair,13,visualRecollection,noise,Not Studied,go,present,\ENTER,4,NaN,NaN,,,NaN,,11,1,2,0,0,68255c2,1622283041,0.2
29,6,2,14,33,157,17,office chair,13,visualRecollection,study,Not Studied,go,present,f,NaN,NaN,NaN,,,NaN,,5,0,1,0,0,68255c2,1622283041,0.2
29,6,2,14,33,157,17,office chair,13,visualRecollection,study,Not Studied,go,present,f,NaN,NaN,NaN,,,NaN,,5,0,2,0,0,68255c2,1622283041,0.2
29,7,2,14,102,110,1,saddle,5,visualRecollection,name,CFS,nogo,present,NA,30,NaN,NaN,,,NaN,,10,1,1,0,0,68255c2,1622283041,0.2
29,7,2,14,102,110,1,saddle,5,visualRecollection,noise,CFS,nogo,present,z,4,NaN,NaN,,,NaN,,4,0,1,0,0,68255c2,1622283041,0.2
29,7,2,14,102,110,1,saddle,5,visualRecollection,noise,CFS,nogo,present,z,4,NaN,NaN,,,NaN,,4,0,2,0,0,68255c2,1622283041,0.2
29,7,2,14,102,110,1,saddle,5,visualRecollection,study,CFS,nogo,present,j,NaN,NaN,NaN,,,NaN,,6,0.6,1,0,0,68255c2,1622283041,0.2
29,7,2,14,102,110,1,saddle,5,visualRecollection,study,CFS,nogo,present,j,NaN,NaN,NaN,,,NaN,,6,0.6,2,0,0,68255c2,1622283041,0.2
29,7,2,14,166,129,2,nail,15,visualRecollection,name,Not Studied,go,absent,NA,30,NaN,NaN,,,NaN,,7,0,1,0,0,68255c2,1622283041,0.2
29,7,2,14,166,129,2,nail,15,visualRecollection,noise,Not Studied,go,absent,\ENTER,4,NaN,NaN,,,NaN,,7,1,1,0,0,68255c2,1622283041,0.2
29,7,2,14,166,129,2,nail,15,visualRecollection,noise,Not Studied,go,absent,\ENTER,4,NaN,NaN,,,NaN,,7,1,2,0,0,68255c2,1622283041,0.2
29,7,2,14,166,129,2,nail,15,visualRecollection,study,Not Studied,go,absent,f,NaN,NaN,NaN,,,NaN,,3,0,1,0,0,68255c2,1622283041,0.2
29,7,2,14,166,129,2,nail,15,visualRecollection,study,Not Studied,go,absent,f,NaN,NaN,NaN,,,NaN,,3,0,2,0,0,68255c2,1622283041,0.2
29,7,2,14,177,179,3,paper towel,3,visualRecollection,name,CFS,go,present,NA,30,NaN,NaN,,,NaN,,2,1,1,0,0,68255c2,1622283041,0.2
29,7,2,14,177,179,3,paper towel,3,visualRecollection,noise,CFS,go,present,\ENTER,4,NaN,NaN,,,NaN,,5,1,1,0,0,68255c2,1622283041,0.2
29,7,2,14,177,179,3,paper towel,3,visualRecollection,noise,CFS,go,present,\ENTER,4,NaN,NaN,,,NaN,,5,1,2,0,0,68255c2,1622283041,0.2
29,7,2,14,177,179,3,paper towel,3,visualRecollection,study,CFS,go,present,j,NaN,NaN,NaN,,,NaN,,4,0.6,1,0,0,68255c2,1622283041,0.2
29,7,2,14,177,179,3,paper towel,3,visualRecollection,study,CFS,go,present,j,NaN,NaN,NaN,,,NaN,,4,0.6,2,0,0,68255c2,1622283041,0.2
29,7,2,14,192,133,4,ladder,7,visualRecollection,name,CFS,go,absent,NA,30,NaN,NaN,,,NaN,,4,0,1,0,0,68255c2,1622283041,0.2
29,7,2,14,192,133,4,ladder,7,visualRecollection,noise,CFS,go,absent,\ENTER,4,NaN,NaN,,,NaN,,9,1,1,0,0,68255c2,1622283041,0.2
29,7,2,14,192,133,4,ladder,7,visualRecollection,noise,CFS,go,absent,\ENTER,4,NaN,NaN,,,NaN,,9,1,2,0,0,68255c2,1622283041,0.2
29,7,2,14,192,133,4,ladder,7,visualRecollection,study,CFS,go,absent,j,NaN,NaN,NaN,,,NaN,,8,0.6,1,0,0,68255c2,1622283041,0.2
29,7,2,14,192,133,4,ladder,7,visualRecollection,study,CFS,go,absent,j,NaN,NaN,NaN,,,NaN,,8,0.6,2,0,0,68255c2,1622283041,0.2
29,7,2,14,16,13,5,book,8,visualRecollection,name,CFS,go,absent,NA,30,NaN,NaN,,,NaN,,8,0,1,0,0,68255c2,1622283041,0.2
29,7,2,14,16,13,5,book,8,visualRecollection,noise,CFS,go,absent,\ENTER,4,NaN,NaN,,,NaN,,5,1,1,0,0,68255c2,1622283041,0.2
29,7,2,14,16,13,5,book,8,visualRecollection,noise,CFS,go,absent,\ENTER,4,NaN,NaN,,,NaN,,5,1,2,0,0,68255c2,1622283041,0.2
29,7,2,14,16,13,5,book,8,visualRecollection,study,CFS,go,absent,j,NaN,NaN,NaN,,,NaN,,9,0.6,1,0,0,68255c2,1622283041,0.2
29,7,2,14,16,13,5,book,8,visualRecollection,study,CFS,go,absent,j,NaN,NaN,NaN,,,NaN,,9,0.6,2,0,0,68255c2,1622283041,0.2
29,7,2,14,66,95,6,wallet,11,visualRecollection,name,Not Studied,go,present,NA,30,NaN,NaN,,,NaN,,11,1,1,0,0,68255c2,1622283041,0.2
29,7,2,14,66,95,6,wallet,11,visualRecollection,noise,Not Studied,go,present,\ENTER,4,NaN,NaN,,,NaN,,11,1,1,0,0,68255c2,1622283041,0.2
29,7,2,14,66,95,6,wallet,11,visualRecollection,noise,Not Studied,go,present,\ENTER,4,NaN,NaN,,,NaN,,11,1,2,0,0,68255c2,1622283041,0.2
29,7,2,14,66,95,6,wallet,11,visualRecollection,study,Not Studied,go,present,f,NaN,NaN,NaN,,,NaN,,10,0,1,0,0,68255c2,1622283041,0.2
29,7,2,14,66,95,6,wallet,11,visualRecollection,study,Not Studied,go,present,f,NaN,NaN,NaN,,,NaN,,10,0,2,0,0,68255c2,1622283041,0.2
29,7,2,14,59,79,7,keys,13,visualRecollection,name,Not Studied,go,present,NA,30,NaN,NaN,,,NaN,,10,1,1,0,0,68255c2,1622283041,0.2
29,7,2,14,59,79,7,keys,13,visualRecollection,noise,Not Studied,go,present,\ENTER,4,NaN,NaN,,,NaN,,5,1,1,0,0,68255c2,1622283041,0.2
29,7,2,14,59,79,7,keys,13,visualRecollection,noise,Not Studied,go,present,\ENTER,4,NaN,NaN,,,NaN,,5,1,2,0,0,68255c2,1622283041,0.2
29,7,2,14,59,79,7,keys,13,visualRecollection,study,Not Studied,go,present,f,NaN,NaN,NaN,,,NaN,,8,0,1,0,0,68255c2,1622283041,0.2
29,7,2,14,59,79,7,keys,13,visualRecollection,study,Not Studied,go,present,f,NaN,NaN,NaN,,,NaN,,8,0,2,0,0,68255c2,1622283041,0.2
29,7,2,14,47,31,8,dice,10,visualRecollection,name,Not Studied,name,present,NA,30,NaN,NaN,,,NaN,,5,1,1,0,0,68255c2,1622283041,0.2
29,7,2,14,47,31,8,dice,10,visualRecollection,name,Not Studied,name,present,NA,30,NaN,NaN,,,NaN,,5,1,2,0,0,68255c2,1622283041,0.2
29,7,2,14,47,31,8,dice,10,visualRecollection,noise,Not Studied,name,present,NA,4,NaN,NaN,,,NaN,,4,1,1,0,0,68255c2,1622283041,0.2
29,7,2,14,47,31,8,dice,10,visualRecollection,study,Not Studied,name,present,f,NaN,NaN,NaN,,,NaN,,7,0,1,0,0,68255c2,1622283041,0.2
29,7,2,14,47,31,8,dice,10,visualRecollection,study,Not Studied,name,present,f,NaN,NaN,NaN,,,NaN,,7,0,2,0,0,68255c2,1622283041,0.2
29,7,2,14,150,156,9,eletric kettle,14,visualRecollection,name,Not Studied,nogo,present,NA,30,NaN,NaN,,,NaN,,1,1,1,0,0,68255c2,1622283041,0.2
29,7,2,14,150,156,9,eletric kettle,14,visualRecollection,noise,Not Studied,nogo,present,z,4,NaN,NaN,,,NaN,,11,0,1,0,0,68255c2,1622283041,0.2
29,7,2,14,150,156,9,eletric kettle,14,visualRecollection,noise,Not Studied,nogo,present,z,4,NaN,NaN,,,NaN,,11,0,2,0,0,68255c2,1622283041,0.2
29,7,2,14,150,156,9,eletric kettle,14,visualRecollection,study,Not Studied,nogo,present,f,NaN,NaN,NaN,,,NaN,,9,0,1,0,0,68255c2,1622283041,0.2
29,7,2,14,150,156,9,eletric kettle,14,visualRecollection,study,Not Studied,nogo,present,f,NaN,NaN,NaN,,,NaN,,9,0,2,0,0,68255c2,1622283041,0.2
29,7,2,14,186,188,10,lamp,17,visualRecollection,name,Not Studied,go,absent,NA,30,NaN,NaN,,,NaN,,10,0,1,0,0,68255c2,1622283041,0.2
29,7,2,14,186,188,10,lamp,17,visualRecollection,noise,Not Studied,go,absent,\ENTER,4,NaN,NaN,,,NaN,,8,1,1,0,0,68255c2,1622283041,0.2
29,7,2,14,186,188,10,lamp,17,visualRecollection,noise,Not Studied,go,absent,\ENTER,4,NaN,NaN,,,NaN,,8,1,2,0,0,68255c2,1622283041,0.2
29,7,2,14,186,188,10,lamp,17,visualRecollection,study,Not Studied,go,absent,f,NaN,NaN,NaN,,,NaN,,4,0,1,0,0,68255c2,1622283041,0.2
29,7,2,14,186,188,10,lamp,17,visualRecollection,study,Not Studied,go,absent,f,NaN,NaN,NaN,,,NaN,,4,0,2,0,0,68255c2,1622283041,0.2
29,7,2,14,159,162,11,crowbar,2,visualRecollection,name,CFS,go,present,NA,30,NaN,NaN,,,NaN,,7,1,1,0,0,68255c2,1622283041,0.2
29,7,2,14,159,162,11,crowbar,2,visualRecollection,noise,CFS,go,present,\ENTER,4,NaN,NaN,,,NaN,,3,1,1,0,0,68255c2,1622283041,0.2
29,7,2,14,159,162,11,crowbar,2,visualRecollection,noise,CFS,go,present,\ENTER,4,NaN,NaN,,,NaN,,3,1,2,0,0,68255c2,1622283041,0.2
29,7,2,14,159,162,11,crowbar,2,visualRecollection,study,CFS,go,present,j,NaN,NaN,NaN,,,NaN,,8,0.6,1,0,0,68255c2,1622283041,0.2
29,7,2,14,159,162,11,crowbar,2,visualRecollection,study,CFS,go,present,j,NaN,NaN,NaN,,,NaN,,8,0.6,2,0,0,68255c2,1622283041,0.2
29,7,2,14,155,141,12,lamp,16,visualRecollection,name,Not Studied,go,absent,NA,30,NaN,NaN,,,NaN,,4,0,1,0,0,68255c2,1622283041,0.2
29,7,2,14,155,141,12,lamp,16,visualRecollection,noise,Not Studied,go,absent,\ENTER,4,NaN,NaN,,,NaN,,8,1,1,0,0,68255c2,1622283041,0.2
29,7,2,14,155,141,12,lamp,16,visualRecollection,noise,Not Studied,go,absent,\ENTER,4,NaN,NaN,,,NaN,,8,1,2,0,0,68255c2,1622283041,0.2
29,7,2,14,155,141,12,lamp,16,visualRecollection,study,Not Studied,go,absent,f,NaN,NaN,NaN,,,NaN,,5,0,1,0,0,68255c2,1622283041,0.2
29,7,2,14,155,141,12,lamp,16,visualRecollection,study,Not Studied,go,absent,f,NaN,NaN,NaN,,,NaN,,5,0,2,0,0,68255c2,1622283041,0.2
29,7,2,14,53,23,13,floss,1,visualRecollection,name,CFS,name,present,NA,30,NaN,NaN,,,NaN,,7,1,1,0,0,68255c2,1622283041,0.2
29,7,2,14,53,23,13,floss,1,visualRecollection,name,CFS,name,present,NA,30,NaN,NaN,,,NaN,,7,1,2,0,0,68255c2,1622283041,0.2
29,7,2,14,53,23,13,floss,1,visualRecollection,noise,CFS,name,present,NA,4,NaN,NaN,,,NaN,,1,1,1,0,0,68255c2,1622283041,0.2
29,7,2,14,53,23,13,floss,1,visualRecollection,study,CFS,name,present,j,NaN,NaN,NaN,,,NaN,,10,0.6,1,0,0,68255c2,1622283041,0.2
29,7,2,14,53,23,13,floss,1,visualRecollection,study,CFS,name,present,j,NaN,NaN,NaN,,,NaN,,10,0.6,2,0,0,68255c2,1622283041,0.2
29,7,2,14,7,119,14,battery,6,visualRecollection,name,CFS,go,absent,NA,30,NaN,NaN,,,NaN,,10,0,1,0,0,68255c2,1622283041,0.2
29,7,2,14,7,119,14,battery,6,visualRecollection,noise,CFS,go,absent,\ENTER,4,NaN,NaN,,,NaN,,6,1,1,0,0,68255c2,1622283041,0.2
29,7,2,14,7,119,14,battery,6,visualRecollection,noise,CFS,go,absent,\ENTER,4,NaN,NaN,,,NaN,,6,1,2,0,0,68255c2,1622283041,0.2
29,7,2,14,7,119,14,battery,6,visualRecollection,study,CFS,go,absent,j,NaN,NaN,NaN,,,NaN,,3,0.6,1,0,0,68255c2,1622283041,0.2
29,7,2,14,7,119,14,battery,6,visualRecollection,study,CFS,go,absent,j,NaN,NaN,NaN,,,NaN,,3,0.6,2,0,0,68255c2,1622283041,0.2
29,7,2,14,118,115,15,pillow,4,visualRecollection,name,CFS,go,present,NA,30,NaN,NaN,,,NaN,,9,1,1,0,0,68255c2,1622283041,0.2
29,7,2,14,118,115,15,pillow,4,visualRecollection,noise,CFS,go,present,\ENTER,4,NaN,NaN,,,NaN,,3,1,1,0,0,68255c2,1622283041,0.2
29,7,2,14,118,115,15,pillow,4,visualRecollection,noise,CFS,go,present,\ENTER,4,NaN,NaN,,,NaN,,3,1,2,0,0,68255c2,1622283041,0.2
29,7,2,14,118,115,15,pillow,4,visualRecollection,study,CFS,go,present,j,NaN,NaN,NaN,,,NaN,,8,0.6,1,0,0,68255c2,1622283041,0.2
29,7,2,14,118,115,15,pillow,4,visualRecollection,study,CFS,go,present,j,NaN,NaN,NaN,,,NaN,,8,0.6,2,0,0,68255c2,1622283041,0.2
29,7,2,14,25,85,16,calculator,9,visualRecollection,name,CFS,nogo,absent,NA,30,NaN,NaN,,,NaN,,9,0,1,0,0,68255c2,1622283041,0.2
29,7,2,14,25,85,16,calculator,9,visualRecollection,noise,CFS,nogo,absent,z,4,NaN,NaN,,,NaN,,9,0,1,0,0,68255c2,1622283041,0.2
29,7,2,14,25,85,16,calculator,9,visualRecollection,noise,CFS,nogo,absent,z,4,NaN,NaN,,,NaN,,9,0,2,0,0,68255c2,1622283041,0.2
29,7,2,14,25,85,16,calculator,9,visualRecollection,study,CFS,nogo,absent,j,NaN,NaN,NaN,,,NaN,,4,0.6,1,0,0,68255c2,1622283041,0.2
29,7,2,14,25,85,16,calculator,9,visualRecollection,study,CFS,nogo,absent,j,NaN,NaN,NaN,,,NaN,,4,0.6,2,0,0,68255c2,1622283041,0.2
29,7,2,14,80,50,17,sundial,12,visualRecollection,name,Not Studied,go,present,NA,30,NaN,NaN,,,NaN,,8,1,1,0,0,68255c2,1622283041,0.2
29,7,2,14,80,50,17,sundial,12,visualRecollection,noise,Not Studied,go,present,\ENTER,4,NaN,NaN,,,NaN,,4,1,1,0,0,68255c2,1622283041,0.2
29,7,2,14,80,50,17,sundial,12,visualRecollection,noise,Not Studied,go,present,\ENTER,4,NaN,NaN,,,NaN,,4,1,2,0,0,68255c2,1622283041,0.2
29,7,2,14,80,50,17,sundial,12,visualRecollection,study,Not Studied,go,present,f,NaN,NaN,NaN,,,NaN,,8,0,1,0,0,68255c2,1622283041,0.2
29,7,2,14,80,50,17,sundial,12,visualRecollection,study,Not Studied,go,present,f,NaN,NaN,NaN,,,NaN,,8,0,2,0,0,68255c2,1622283041,0.2
29,8,2,14,100,124,1,satellite,9,visualRecollection,name,CFS,nogo,absent,NA,30,NaN,NaN,,,NaN,,5,0,1,0,0,68255c2,1622283041,0.2
29,8,2,14,100,124,1,satellite,9,visualRecollection,noise,CFS,nogo,absent,z,4,NaN,NaN,,,NaN,,9,0,1,0,0,68255c2,1622283041,0.2
29,8,2,14,100,124,1,satellite,9,visualRecollection,noise,CFS,nogo,absent,z,4,NaN,NaN,,,NaN,,9,0,2,0,0,68255c2,1622283041,0.2
29,8,2,14,100,124,1,satellite,9,visualRecollection,study,CFS,nogo,absent,j,NaN,NaN,NaN,,,NaN,,7,0.6,1,0,0,68255c2,1622283041,0.2
29,8,2,14,100,124,1,satellite,9,visualRecollection,study,CFS,nogo,absent,j,NaN,NaN,NaN,,,NaN,,7,0.6,2,0,0,68255c2,1622283041,0.2
29,8,2,14,56,99,2,clothes pin,11,visualRecollection,name,Not Studied,go,present,NA,30,NaN,NaN,,,NaN,,8,1,1,0,0,68255c2,1622283041,0.2
29,8,2,14,56,99,2,clothes pin,11,visualRecollection,noise,Not Studied,go,present,\ENTER,4,NaN,NaN,,,NaN,,9,1,1,0,0,68255c2,1622283041,0.2
29,8,2,14,56,99,2,clothes pin,11,visualRecollection,noise,Not Studied,go,present,\ENTER,4,NaN,NaN,,,NaN,,9,1,2,0,0,68255c2,1622283041,0.2
29,8,2,14,56,99,2,clothes pin,11,visualRecollection,study,Not Studied,go,present,f,NaN,NaN,NaN,,,NaN,,9,0,1,0,0,68255c2,1622283041,0.2
29,8,2,14,56,99,2,clothes pin,11,visualRecollection,study,Not Studied,go,present,f,NaN,NaN,NaN,,,NaN,,9,0,2,0,0,68255c2,1622283041,0.2
29,8,2,14,8,153,3,bed,14,visualRecollection,name,Not Studied,nogo,present,NA,30,NaN,NaN,,,NaN,,10,1,1,0,0,68255c2,1622283041,0.2
29,8,2,14,8,153,3,bed,14,visualRecollection,noise,Not Studied,nogo,present,z,4,NaN,NaN,,,NaN,,9,0,1,0,0,68255c2,1622283041,0.2
29,8,2,14,8,153,3,bed,14,visualRecollection,noise,Not Studied,nogo,present,z,4,NaN,NaN,,,NaN,,9,0,2,0,0,68255c2,1622283041,0.2
29,8,2,14,8,153,3,bed,14,visualRecollection,study,Not Studied,nogo,present,f,NaN,NaN,NaN,,,NaN,,4,0,1,0,0,68255c2,1622283041,0.2
29,8,2,14,8,153,3,bed,14,visualRecollection,study,Not Studied,nogo,present,f,NaN,NaN,NaN,,,NaN,,4,0,2,0,0,68255c2,1622283041,0.2
29,8,2,14,139,14,4,bobby pin,5,visualRecollection,name,CFS,nogo,present,NA,30,NaN,NaN,,,NaN,,5,1,1,0,0,68255c2,1622283041,0.2
29,8,2,14,139,14,4,bobby pin,5,visualRecollection,noise,CFS,nogo,present,z,4,NaN,NaN,,,NaN,,3,0,1,0,0,68255c2,1622283041,0.2
29,8,2,14,139,14,4,bobby pin,5,visualRecollection,noise,CFS,nogo,present,z,4,NaN,NaN,,,NaN,,3,0,2,0,0,68255c2,1622283041,0.2
29,8,2,14,139,14,4,bobby pin,5,visualRecollection,study,CFS,nogo,present,j,NaN,NaN,NaN,,,NaN,,10,0.6,1,0,0,68255c2,1622283041,0.2
29,8,2,14,139,14,4,bobby pin,5,visualRecollection,study,CFS,nogo,present,j,NaN,NaN,NaN,,,NaN,,10,0.6,2,0,0,68255c2,1622283041,0.2
29,8,2,14,197,194,5,pipe,15,visualRecollection,name,Not Studied,go,absent,NA,30,NaN,NaN,,,NaN,,1,0,1,0,0,68255c2,1622283041,0.2
29,8,2,14,197,194,5,pipe,15,visualRecollection,noise,Not Studied,go,absent,\ENTER,4,NaN,NaN,,,NaN,,7,1,1,0,0,68255c2,1622283041,0.2
29,8,2,14,197,194,5,pipe,15,visualRecollection,noise,Not Studied,go,absent,\ENTER,4,NaN,NaN,,,NaN,,7,1,2,0,0,68255c2,1622283041,0.2
29,8,2,14,197,194,5,pipe,15,visualRecollection,study,Not Studied,go,absent,f,NaN,NaN,NaN,,,NaN,,1,0,1,0,0,68255c2,1622283041,0.2
29,8,2,14,197,194,5,pipe,15,visualRecollection,study,Not Studied,go,absent,f,NaN,NaN,NaN,,,NaN,,1,0,2,0,0,68255c2,1622283041,0.2
29,8,2,14,191,60,6,hose,17,visualRecollection,name,Not Studied,go,absent,NA,30,NaN,NaN,,,NaN,,10,0,1,0,0,68255c2,1622283041,0.2
29,8,2,14,191,60,6,hose,17,visualRecollection,noise,Not Studied,go,absent,\ENTER,4,NaN,NaN,,,NaN,,11,1,1,0,0,68255c2,1622283041,0.2
29,8,2,14,191,60,6,hose,17,visualRecollection,noise,Not Studied,go,absent,\ENTER,4,NaN,NaN,,,NaN,,11,1,2,0,0,68255c2,1622283041,0.2
29,8,2,14,191,60,6,hose,17,visualRecollection,study,Not Studied,go,absent,f,NaN,NaN,NaN,,,NaN,,8,0,1,0,0,68255c2,1622283041,0.2
29,8,2,14,191,60,6,hose,17,visualRecollection,study,Not Studied,go,absent,f,NaN,NaN,NaN,,,NaN,,8,0,2,0,0,68255c2,1622283041,0.2
29,8,2,14,133,192,7,guitar,7,visualRecollection,name,CFS,go,absent,NA,30,NaN,NaN,,,NaN,,4,0,1,0,0,68255c2,1622283041,0.2
29,8,2,14,133,192,7,guitar,7,visualRecollection,noise,CFS,go,absent,\ENTER,4,NaN,NaN,,,NaN,,6,1,1,0,0,68255c2,1622283041,0.2
29,8,2,14,133,192,7,guitar,7,visualRecollection,noise,CFS,go,absent,\ENTER,4,NaN,NaN,,,NaN,,6,1,2,0,0,68255c2,1622283041,0.2
29,8,2,14,133,192,7,guitar,7,visualRecollection,study,CFS,go,absent,j,NaN,NaN,NaN,,,NaN,,5,0.6,1,0,0,68255c2,1622283041,0.2
29,8,2,14,133,192,7,guitar,7,visualRecollection,study,CFS,go,absent,j,NaN,NaN,NaN,,,NaN,,5,0.6,2,0,0,68255c2,1622283041,0.2
29,8,2,14,128,143,8,pfd,10,visualRecollection,name,Not Studied,name,present,NA,30,NaN,NaN,,,NaN,,7,1,1,0,0,68255c2,1622283041,0.2
29,8,2,14,128,143,8,pfd,10,visualRecollection,name,Not Studied,name,present,NA,30,NaN,NaN,,,NaN,,7,1,2,0,0,68255c2,1622283041,0.2
29,8,2,14,128,143,8,pfd,10,visualRecollection,noise,Not Studied,name,present,NA,4,NaN,NaN,,,NaN,,8,1,1,0,0,68255c2,1622283041,0.2
29,8,2,14,128,143,8,pfd,10,visualRecollection,study,Not Studied,name,present,f,NaN,NaN,NaN,,,NaN,,5,0,1,0,0,68255c2,1622283041,0.2
29,8,2,14,128,143,8,pfd,10,visualRecollection,study,Not Studied,name,present,f,NaN,NaN,NaN,,,NaN,,5,0,2,0,0,68255c2,1622283041,0.2
29,8,2,14,13,16,9,binder,13,visualRecollection,name,Not Studied,go,present,NA,30,NaN,NaN,,,NaN,,2,1,1,0,0,68255c2,1622283041,0.2
29,8,2,14,13,16,9,binder,13,visualRecollection,noise,Not Studied,go,present,\ENTER,4,NaN,NaN,,,NaN,,7,1,1,0,0,68255c2,1622283041,0.2
29,8,2,14,13,16,9,binder,13,visualRecollection,noise,Not Studied,go,present,\ENTER,4,NaN,NaN,,,NaN,,7,1,2,0,0,68255c2,1622283041,0.2
29,8,2,14,13,16,9,binder,13,visualRecollection,study,Not Studied,go,present,f,NaN,NaN,NaN,,,NaN,,3,0,1,0,0,68255c2,1622283041,0.2
29,8,2,14,13,16,9,binder,13,visualRecollection,study,Not Studied,go,present,f,NaN,NaN,NaN,,,NaN,,3,0,2,0,0,68255c2,1622283041,0.2
29,8,2,14,76,113,10,thimble,6,visualRecollection,name,CFS,go,absent,NA,30,NaN,NaN,,,NaN,,4,0,1,0,0,68255c2,1622283041,0.2
29,8,2,14,76,113,10,thimble,6,visualRecollection,noise,CFS,go,absent,\ENTER,4,NaN,NaN,,,NaN,,5,1,1,0,0,68255c2,1622283041,0.2
29,8,2,14,76,113,10,thimble,6,visualRecollection,noise,CFS,go,absent,\ENTER,4,NaN,NaN,,,NaN,,5,1,2,0,0,68255c2,1622283041,0.2
29,8,2,14,76,113,10,thimble,6,visualRecollection,study,CFS,go,absent,j,NaN,NaN,NaN,,,NaN,,5,0.6,1,0,0,68255c2,1622283041,0.2
29,8,2,14,76,113,10,thimble,6,visualRecollection,study,CFS,go,absent,j,NaN,NaN,NaN,,,NaN,,5,0.6,2,0,0,68255c2,1622283041,0.2
29,8,2,14,58,74,11,cd,8,visualRecollection,name,CFS,go,absent,NA,30,NaN,NaN,,,NaN,,4,0,1,0,0,68255c2,1622283041,0.2
29,8,2,14,58,74,11,cd,8,visualRecollection,noise,CFS,go,absent,\ENTER,4,NaN,NaN,,,NaN,,9,1,1,0,0,68255c2,1622283041,0.2
29,8,2,14,58,74,11,cd,8,visualRecollection,noise,CFS,go,absent,\ENTER,4,NaN,NaN,,,NaN,,9,1,2,0,0,68255c2,1622283041,0.2
29,8,2,14,58,74,11,cd,8,visualRecollection,study,CFS,go,absent,j,NaN,NaN,NaN,,,NaN,,7,0.6,1,0,0,68255c2,1622283041,0.2
29,8,2,14,58,74,11,cd,8,visualRecollection,study,CFS,go,absent,j,NaN,NaN,NaN,,,NaN,,7,0.6,2,0,0,68255c2,1622283041,0.2
29,8,2,14,183,185,12,microphone,12,visualRecollection,name,Not Studied,go,present,NA,30,NaN,NaN,,,NaN,,11,1,1,0,0,68255c2,1622283041,0.2
29,8,2,14,183,185,12,microphone,12,visualRecollection,noise,Not Studied,go,present,\ENTER,4,NaN,NaN,,,NaN,,10,1,1,0,0,68255c2,1622283041,0.2
29,8,2,14,183,185,12,microphone,12,visualRecollection,noise,Not Studied,go,present,\ENTER,4,NaN,NaN,,,NaN,,10,1,2,0,0,68255c2,1622283041,0.2
29,8,2,14,183,185,12,microphone,12,visualRecollection,study,Not Studied,go,present,f,NaN,NaN,NaN,,,NaN,,1,0,1,0,0,68255c2,1622283041,0.2
29,8,2,14,183,185,12,microphone,12,visualRecollection,study,Not Studied,go,present,f,NaN,NaN,NaN,,,NaN,,1,0,2,0,0,68255c2,1622283041,0.2
29,8,2,14,129,166,13,knot,16,visualRecollection,name,Not Studied,go,absent,NA,30,NaN,NaN,,,NaN,,9,0,1,0,0,68255c2,1622283041,0.2
29,8,2,14,129,166,13,knot,16,visualRecollection,noise,Not Studied,go,absent,\ENTER,4,NaN,NaN,,,NaN,,2,1,1,0,0,68255c2,1622283041,0.2
29,8,2,14,129,166,13,knot,16,visualRecollection,noise,Not Studied,go,absent,\ENTER,4,NaN,NaN,,,NaN,,2,1,2,0,0,68255c2,1622283041,0.2
29,8,2,14,129,166,13,knot,16,visualRecollection,study,Not Studied,go,absent,f,NaN,NaN,NaN,,,NaN,,11,0,1,0,0,68255c2,1622283041,0.2
29,8,2,14,129,166,13,knot,16,visualRecollection,study,Not Studied,go,absent,f,NaN,NaN,NaN,,,NaN,,11,0,2,0,0,68255c2,1622283041,0.2
29,8,2,14,2,187,14,backpack,3,visualRecollection,name,CFS,go,present,NA,30,NaN,NaN,,,NaN,,11,1,1,0,0,68255c2,1622283041,0.2
29,8,2,14,2,187,14,backpack,3,visualRecollection,noise,CFS,go,present,\ENTER,4,NaN,NaN,,,NaN,,6,1,1,0,0,68255c2,1622283041,0.2
29,8,2,14,2,187,14,backpack,3,visualRecollection,noise,CFS,go,present,\ENTER,4,NaN,NaN,,,NaN,,6,1,2,0,0,68255c2,1622283041,0.2
29,8,2,14,2,187,14,backpack,3,visualRecollection,study,CFS,go,present,j,NaN,NaN,NaN,,,NaN,,1,0.6,1,0,0,68255c2,1622283041,0.2
29,8,2,14,2,187,14,backpack,3,visualRecollection,study,CFS,go,present,j,NaN,NaN,NaN,,,NaN,,1,0.6,2,0,0,68255c2,1622283041,0.2
29,8,2,14,163,161,15,moccosin,1,visualRecollection,name,CFS,name,present,NA,30,NaN,NaN,,,NaN,,3,1,1,0,0,68255c2,1622283041,0.2
29,8,2,14,163,161,15,moccosin,1,visualRecollection,name,CFS,name,present,NA,30,NaN,NaN,,,NaN,,3,1,2,0,0,68255c2,1622283041,0.2
29,8,2,14,163,161,15,moccosin,1,visualRecollection,noise,CFS,name,present,NA,4,NaN,NaN,,,NaN,,10,1,1,0,0,68255c2,1622283041,0.2
29,8,2,14,163,161,15,moccosin,1,visualRecollection,study,CFS,name,present,j,NaN,NaN,NaN,,,NaN,,3,0.6,1,0,0,68255c2,1622283041,0.2
29,8,2,14,163,161,15,moccosin,1,visualRecollection,study,CFS,name,present,j,NaN,NaN,NaN,,,NaN,,3,0.6,2,0,0,68255c2,1622283041,0.2
29,8,2,14,4,34,16,bandana,2,visualRecollection,name,CFS,go,present,NA,30,NaN,NaN,,,NaN,,8,1,1,0,0,68255c2,1622283041,0.2
29,8,2,14,4,34,16,bandana,2,visualRecollection,noise,CFS,go,present,\ENTER,4,NaN,NaN,,,NaN,,2,1,1,0,0,68255c2,1622283041,0.2
29,8,2,14,4,34,16,bandana,2,visualRecollection,noise,CFS,go,present,\ENTER,4,NaN,NaN,,,NaN,,2,1,2,0,0,68255c2,1622283041,0.2
29,8,2,14,4,34,16,bandana,2,visualRecollection,study,CFS,go,present,j,NaN,NaN,NaN,,,NaN,,4,0.6,1,0,0,68255c2,1622283041,0.2
29,8,2,14,4,34,16,bandana,2,visualRecollection,study,CFS,go,present,j,NaN,NaN,NaN,,,NaN,,4,0.6,2,0,0,68255c2,1622283041,0.2
29,8,2,14,74,58,17,wheel,4,visualRecollection,name,CFS,go,present,NA,30,NaN,NaN,,,NaN,,2,1,1,0,0,68255c2,1622283041,0.2
29,8,2,14,74,58,17,wheel,4,visualRecollection,noise,CFS,go,present,\ENTER,4,NaN,NaN,,,NaN,,4,1,1,0,0,68255c2,1622283041,0.2
29,8,2,14,74,58,17,wheel,4,visualRecollection,noise,CFS,go,present,\ENTER,4,NaN,NaN,,,NaN,,4,1,2,0,0,68255c2,1622283041,0.2
29,8,2,14,74,58,17,wheel,4,visualRecollection,study,CFS,go,present,j,NaN,NaN,NaN,,,NaN,,5,0.6,1,0,0,68255c2,1622283041,0.2
29,8,2,14,74,58,17,wheel,4,visualRecollection,study,CFS,go,present,j,NaN,NaN,NaN,,,NaN,,5,0.6,2,0,0,68255c2,1622283041,0.2
